job_title,similar_job_1,similar_job_2,similar_job_3,similar_job_4,similar_job_5
bfbc45b05c5a4425210cd2cb3d84ae09GC,c9a30a5443d04270fb0f49d437c3376bAy,0cf5da7bb05dfb15718653637b8df718vT,09b8073e6d0a727247e9bbcf43f8e75avx,6be068c4e74275ca8ed9975805e2f763Em,9e7afc7cdb61931eb7d2cc8398b80ecfSQ
c9a30a5443d04270fb0f49d437c3376bAy,09b8073e6d0a727247e9bbcf43f8e75avx,bfbc45b05c5a4425210cd2cb3d84ae09GC,0cf5da7bb05dfb15718653637b8df718vT,4f7f001bdbae6c195a6d7ba55b98dca1pf,39a3d2b8857c48c2443faeacf50ae574Xo
6be068c4e74275ca8ed9975805e2f763Em,bfbc45b05c5a4425210cd2cb3d84ae09GC,769db4ea593ce8f93a093a84ad1baec2OY,71f952e353628d7e2f40d40038b09ac2Tn,77f94afcb944fea2069092a4c92bab1fzk,6951495c1941499b294fcec5f33cd242wQ
9e7afc7cdb61931eb7d2cc8398b80ecfSQ,e5ebf2752a03d6729cb633770e4eddd7Hd,0cf5da7bb05dfb15718653637b8df718vT,bfbc45b05c5a4425210cd2cb3d84ae09GC,c9a30a5443d04270fb0f49d437c3376bAy,534952ab1cf024773caddc874099da11qn
2006631955b0aa1d8a3bc1edc55e0754sn,534952ab1cf024773caddc874099da11qn,4f7f001bdbae6c195a6d7ba55b98dca1pf,09b8073e6d0a727247e9bbcf43f8e75avx,39a3d2b8857c48c2443faeacf50ae574Xo,c9a30a5443d04270fb0f49d437c3376bAy
71f952e353628d7e2f40d40038b09ac2Tn,769db4ea593ce8f93a093a84ad1baec2OY,1941210d4e0ded26c0b5874fbb577e2dUi,77f94afcb944fea2069092a4c92bab1fzk,6951495c1941499b294fcec5f33cd242wQ,6be068c4e74275ca8ed9975805e2f763Em
e5ebf2752a03d6729cb633770e4eddd7Hd,9e7afc7cdb61931eb7d2cc8398b80ecfSQ,0cf5da7bb05dfb15718653637b8df718vT,c7f9349f001ec07fe76d0becea13a18azM,534952ab1cf024773caddc874099da11qn,63c630beb7b2f471af699f711207d28aVY
39a3d2b8857c48c2443faeacf50ae574Xo,09b8073e6d0a727247e9bbcf43f8e75avx,4f7f001bdbae6c195a6d7ba55b98dca1pf,c9a30a5443d04270fb0f49d437c3376bAy,2006631955b0aa1d8a3bc1edc55e0754sn,0cf5da7bb05dfb15718653637b8df718vT
534952ab1cf024773caddc874099da11qn,2006631955b0aa1d8a3bc1edc55e0754sn,cf8025d88a7ef18800686dbd36ecfae1dF,c9a30a5443d04270fb0f49d437c3376bAy,09b8073e6d0a727247e9bbcf43f8e75avx,0cf5da7bb05dfb15718653637b8df718vT
09b8073e6d0a727247e9bbcf43f8e75avx,c9a30a5443d04270fb0f49d437c3376bAy,4f7f001bdbae6c195a6d7ba55b98dca1pf,39a3d2b8857c48c2443faeacf50ae574Xo,bfbc45b05c5a4425210cd2cb3d84ae09GC,2006631955b0aa1d8a3bc1edc55e0754sn
357b6e22304e1fba993bb725e5c00276aY,d00053d7c20d37caab1b1c51080fe900Vc,74cbfa3620bb69031ebe4050585bd896uh,d4c894e72cbcba3ee54f16b94c185a4bJB,bfbc45b05c5a4425210cd2cb3d84ae09GC,487e36748734bdd5f6385b9588c3a46bmZ
c7f9349f001ec07fe76d0becea13a18azM,cf8025d88a7ef18800686dbd36ecfae1dF,534952ab1cf024773caddc874099da11qn,bb9685f7011f9604acad8ae63c6da0ddHn,e5ebf2752a03d6729cb633770e4eddd7Hd,02e22012bd6fdd7415a80c2da954d8f0hL
63c630beb7b2f471af699f711207d28aVY,9e7afc7cdb61931eb7d2cc8398b80ecfSQ,e5ebf2752a03d6729cb633770e4eddd7Hd,600a4de652c1b94b122b5b1a72cdf8baqf,bfbc45b05c5a4425210cd2cb3d84ae09GC,0cf5da7bb05dfb15718653637b8df718vT
769db4ea593ce8f93a093a84ad1baec2OY,71f952e353628d7e2f40d40038b09ac2Tn,9f886439f15f3c3c2b24840763edfcdbrG,6be068c4e74275ca8ed9975805e2f763Em,1941210d4e0ded26c0b5874fbb577e2dUi,bfbc45b05c5a4425210cd2cb3d84ae09GC
65e915067ec7ca2082c1bfc73ffbc06bhv,1647ffac32b2f51cfbe51f4150246471lB,c82f110050f63259dc05a34b7f3ffe5fFR,0508d7be415a54eba97a968f8dacd55chL,39a3d2b8857c48c2443faeacf50ae574Xo,dcbc4702b1a74e52cab4dc1e23971439LM
77f94afcb944fea2069092a4c92bab1fzk,8a6ed1d6ce11578d39635ef008e7cb2fOq,71f952e353628d7e2f40d40038b09ac2Tn,6be068c4e74275ca8ed9975805e2f763Em,6951495c1941499b294fcec5f33cd242wQ,ab15415f67808a17b97f8ce7c09c046fQB
cf8025d88a7ef18800686dbd36ecfae1dF,c7f9349f001ec07fe76d0becea13a18azM,534952ab1cf024773caddc874099da11qn,cdb6e01527a77d5a9878138b46dedd99uS,2006631955b0aa1d8a3bc1edc55e0754sn,bb9685f7011f9604acad8ae63c6da0ddHn
d4c894e72cbcba3ee54f16b94c185a4bJB,74cbfa3620bb69031ebe4050585bd896uh,357b6e22304e1fba993bb725e5c00276aY,c6ae8905d3ef0c61f4a5b88238a32da0uC,76b78c5d7d8ff1f1be59bba95db2adbbBV,c02aef655be4fb390a9dd9ca2443be6aUG
1647ffac32b2f51cfbe51f4150246471lB,65e915067ec7ca2082c1bfc73ffbc06bhv,c82f110050f63259dc05a34b7f3ffe5fFR,0508d7be415a54eba97a968f8dacd55chL,bb9685f7011f9604acad8ae63c6da0ddHn,2006631955b0aa1d8a3bc1edc55e0754sn
0cf5da7bb05dfb15718653637b8df718vT,c9a30a5443d04270fb0f49d437c3376bAy,bfbc45b05c5a4425210cd2cb3d84ae09GC,e5ebf2752a03d6729cb633770e4eddd7Hd,9e7afc7cdb61931eb7d2cc8398b80ecfSQ,09b8073e6d0a727247e9bbcf43f8e75avx
6951495c1941499b294fcec5f33cd242wQ,5a5134580257a0e8ed6aeb3409ea7bceoV,02e9c21342c88515b4fa7e525d9ac652bO,5064c34286de0a0fa07ec216e1bbd200WV,71f952e353628d7e2f40d40038b09ac2Tn,ab15415f67808a17b97f8ce7c09c046fQB
143594a38184724594778ca447bc06fcwe,0cb8293fae46fb1f84b1f68d2371dc3bLQ,1941210d4e0ded26c0b5874fbb577e2dUi,da7d1b1ce8fde63a5808c65adc6968c9RH,71f952e353628d7e2f40d40038b09ac2Tn,3896ac0c41340ac06686eb161a775aa6kx
d26737bff980339cf372392e773fb063Es,31e5c65f17292fdded6dd7f7d7622e5ddi,c7f9349f001ec07fe76d0becea13a18azM,02e22012bd6fdd7415a80c2da954d8f0hL,1b7d252ac6eb39369d451499cf605e70dh,bb9685f7011f9604acad8ae63c6da0ddHn
bb9685f7011f9604acad8ae63c6da0ddHn,bb5bbd4fe2f47c6e4810df40a178deb7cV,c7f9349f001ec07fe76d0becea13a18azM,1647ffac32b2f51cfbe51f4150246471lB,534952ab1cf024773caddc874099da11qn,e5ebf2752a03d6729cb633770e4eddd7Hd
b33302c688b04656f05d2a96c98e14c8cK,f1700927fd979f5ae074de8f9352d96fWy,c02aef655be4fb390a9dd9ca2443be6aUG,c6ae8905d3ef0c61f4a5b88238a32da0uC,4e5532b57d7ed12506377d0521ce8c6aNA,600a4de652c1b94b122b5b1a72cdf8baqf
31e5c65f17292fdded6dd7f7d7622e5ddi,d26737bff980339cf372392e773fb063Es,02e22012bd6fdd7415a80c2da954d8f0hL,1b7d252ac6eb39369d451499cf605e70dh,8c9c8016d13138e456a315a6068ff697lQ,c7f9349f001ec07fe76d0becea13a18azM
02e22012bd6fdd7415a80c2da954d8f0hL,31e5c65f17292fdded6dd7f7d7622e5ddi,c7f9349f001ec07fe76d0becea13a18azM,d26737bff980339cf372392e773fb063Es,bb9685f7011f9604acad8ae63c6da0ddHn,e5ebf2752a03d6729cb633770e4eddd7Hd
c82f110050f63259dc05a34b7f3ffe5fFR,0508d7be415a54eba97a968f8dacd55chL,65e915067ec7ca2082c1bfc73ffbc06bhv,1647ffac32b2f51cfbe51f4150246471lB,f693da772b6ba497215104c0b3c3f571hM,2006631955b0aa1d8a3bc1edc55e0754sn
c02aef655be4fb390a9dd9ca2443be6aUG,c6ae8905d3ef0c61f4a5b88238a32da0uC,b33302c688b04656f05d2a96c98e14c8cK,f1700927fd979f5ae074de8f9352d96fWy,600a4de652c1b94b122b5b1a72cdf8baqf,d4c894e72cbcba3ee54f16b94c185a4bJB
4f7f001bdbae6c195a6d7ba55b98dca1pf,09b8073e6d0a727247e9bbcf43f8e75avx,2006631955b0aa1d8a3bc1edc55e0754sn,c9a30a5443d04270fb0f49d437c3376bAy,39a3d2b8857c48c2443faeacf50ae574Xo,f60cb71f3c3244aa9bde85ea4652c48ddF
8a6ed1d6ce11578d39635ef008e7cb2fOq,3e1f8a4ef4af0439a98a788685729e11IS,77f94afcb944fea2069092a4c92bab1fzk,6be068c4e74275ca8ed9975805e2f763Em,71f952e353628d7e2f40d40038b09ac2Tn,1941210d4e0ded26c0b5874fbb577e2dUi
e089e2787ca1f2cd11abb5b5b46da777eD,efaa2b8bd2a6b5ba1400b8f9d5a4c302ub,4e8253d6c20af58d080dfe5c4efd64b2Bd,d6d105d96fe6a1a994a68b78aafd2b84Ie,05d9a76c5a623f203c71cc1de9c33348Dn,e57826db7a1aec9699875434de36323bCX
f693da772b6ba497215104c0b3c3f571hM,0508d7be415a54eba97a968f8dacd55chL,9e6d9d6e2a2fc710d3350bd82beb939aSo,dcbc4702b1a74e52cab4dc1e23971439LM,c82f110050f63259dc05a34b7f3ffe5fFR,7c75bf66bcff31d46dd27f9d49c45488lS
2d6d2afd6028853b0a50f674cd887f55zs,1b7d252ac6eb39369d451499cf605e70dh,8c9c8016d13138e456a315a6068ff697lQ,eb8a50987da12c63d9024b6ef24caa5aYA,c82f110050f63259dc05a34b7f3ffe5fFR,1647ffac32b2f51cfbe51f4150246471lB
33ed1e1a04b3fa96d01d39e545cc1f66wF,3091525444b8b4d7fbc725e42b1b44a2YQ,396db532782b68712e1b5d534ebb0e1bOA,f60cb71f3c3244aa9bde85ea4652c48ddF,5f252d4c3196fb23e0dd5c2d55a5d71bju,487e36748734bdd5f6385b9588c3a46bmZ
3896ac0c41340ac06686eb161a775aa6kx,2b11c52d795d03210ddb0613cbba3ab0HY,1941210d4e0ded26c0b5874fbb577e2dUi,5a5134580257a0e8ed6aeb3409ea7bceoV,6951495c1941499b294fcec5f33cd242wQ,71f952e353628d7e2f40d40038b09ac2Tn
02e9c21342c88515b4fa7e525d9ac652bO,5064c34286de0a0fa07ec216e1bbd200WV,6951495c1941499b294fcec5f33cd242wQ,5a5134580257a0e8ed6aeb3409ea7bceoV,03ad994b5118076cd8c9be5f720d9bf3zy,3896ac0c41340ac06686eb161a775aa6kx
74cbfa3620bb69031ebe4050585bd896uh,d4c894e72cbcba3ee54f16b94c185a4bJB,357b6e22304e1fba993bb725e5c00276aY,76b78c5d7d8ff1f1be59bba95db2adbbBV,bfbc45b05c5a4425210cd2cb3d84ae09GC,d00053d7c20d37caab1b1c51080fe900Vc
9f886439f15f3c3c2b24840763edfcdbrG,769db4ea593ce8f93a093a84ad1baec2OY,71f952e353628d7e2f40d40038b09ac2Tn,6be068c4e74275ca8ed9975805e2f763Em,09b8073e6d0a727247e9bbcf43f8e75avx,1941210d4e0ded26c0b5874fbb577e2dUi
600a4de652c1b94b122b5b1a72cdf8baqf,c6ae8905d3ef0c61f4a5b88238a32da0uC,c02aef655be4fb390a9dd9ca2443be6aUG,63c630beb7b2f471af699f711207d28aVY,b33302c688b04656f05d2a96c98e14c8cK,74cbfa3620bb69031ebe4050585bd896uh
df25af9b3490d9a57db263dfa308c5abDG,0dd3de59b2a79f5f8f4794c2e489125ajh,bd738adc6e5f460099158081cf6d6738jm,c82f110050f63259dc05a34b7f3ffe5fFR,0508d7be415a54eba97a968f8dacd55chL,4d18579160a263df3f59863abef1c369iw
dcbc4702b1a74e52cab4dc1e23971439LM,74d485f8d9a8f589c5e5b3d3ddaf18e6Qn,3fd63552b78084a7fa0cdaeb040ea59fdD,f693da772b6ba497215104c0b3c3f571hM,65e915067ec7ca2082c1bfc73ffbc06bhv,0508d7be415a54eba97a968f8dacd55chL
487e36748734bdd5f6385b9588c3a46bmZ,396db532782b68712e1b5d534ebb0e1bOA,33ed1e1a04b3fa96d01d39e545cc1f66wF,3091525444b8b4d7fbc725e42b1b44a2YQ,03ad994b5118076cd8c9be5f720d9bf3zy,357b6e22304e1fba993bb725e5c00276aY
3091525444b8b4d7fbc725e42b1b44a2YQ,33ed1e1a04b3fa96d01d39e545cc1f66wF,f60cb71f3c3244aa9bde85ea4652c48ddF,d2338165334f08c3bd95df9e411f80d0rY,7c75bf66bcff31d46dd27f9d49c45488lS,396db532782b68712e1b5d534ebb0e1bOA
8c9c8016d13138e456a315a6068ff697lQ,2d6d2afd6028853b0a50f674cd887f55zs,cac62dc89c1191d1b7aa1b0a32463a49dF,05d9a76c5a623f203c71cc1de9c33348Dn,31e5c65f17292fdded6dd7f7d7622e5ddi,1b7d252ac6eb39369d451499cf605e70dh
0cb8293fae46fb1f84b1f68d2371dc3bLQ,143594a38184724594778ca447bc06fcwe,1941210d4e0ded26c0b5874fbb577e2dUi,2b11c52d795d03210ddb0613cbba3ab0HY,3896ac0c41340ac06686eb161a775aa6kx,0f788cd8169f5149bc519e585cf7148bGu
5064c34286de0a0fa07ec216e1bbd200WV,02e9c21342c88515b4fa7e525d9ac652bO,03ad994b5118076cd8c9be5f720d9bf3zy,6951495c1941499b294fcec5f33cd242wQ,5a5134580257a0e8ed6aeb3409ea7bceoV,6be068c4e74275ca8ed9975805e2f763Em
0f788cd8169f5149bc519e585cf7148bGu,84dbdf56ea2df1cb575a5e9ade6867f7QS,bacd30a8f578d3c3f4e75bd227af5fa5qw,0cb8293fae46fb1f84b1f68d2371dc3bLQ,fb3b8b460680c72df323f38e3c0360d0bL,143594a38184724594778ca447bc06fcwe
cdb6e01527a77d5a9878138b46dedd99uS,cf8025d88a7ef18800686dbd36ecfae1dF,31e5c65f17292fdded6dd7f7d7622e5ddi,c7f9349f001ec07fe76d0becea13a18azM,d26737bff980339cf372392e773fb063Es,8c9c8016d13138e456a315a6068ff697lQ
dface8469dd1315170c2980c12ee4b9dzl,39a3d2b8857c48c2443faeacf50ae574Xo,0cf5da7bb05dfb15718653637b8df718vT,49edbee9ee3c947a27db18b67ef2916afk,65e915067ec7ca2082c1bfc73ffbc06bhv,bfbc45b05c5a4425210cd2cb3d84ae09GC
3fd63552b78084a7fa0cdaeb040ea59fdD,dcbc4702b1a74e52cab4dc1e23971439LM,3aa4f12a0d18e419f0d2a98cdf3b4209mD,74d485f8d9a8f589c5e5b3d3ddaf18e6Qn,0508d7be415a54eba97a968f8dacd55chL,9e6d9d6e2a2fc710d3350bd82beb939aSo
eb8a50987da12c63d9024b6ef24caa5aYA,2d6d2afd6028853b0a50f674cd887f55zs,3f8a23f817ba0bc38f071c1f282e0804Mo,d6d105d96fe6a1a994a68b78aafd2b84Ie,cac62dc89c1191d1b7aa1b0a32463a49dF,819db18c2d19dcd1194f3732c875ad7eBJ
7c75bf66bcff31d46dd27f9d49c45488lS,d2338165334f08c3bd95df9e411f80d0rY,b1a2525211071bea33285e1003468588tY,3091525444b8b4d7fbc725e42b1b44a2YQ,f693da772b6ba497215104c0b3c3f571hM,f60cb71f3c3244aa9bde85ea4652c48ddF
1941210d4e0ded26c0b5874fbb577e2dUi,71f952e353628d7e2f40d40038b09ac2Tn,2b11c52d795d03210ddb0613cbba3ab0HY,143594a38184724594778ca447bc06fcwe,769db4ea593ce8f93a093a84ad1baec2OY,3896ac0c41340ac06686eb161a775aa6kx
9e6d9d6e2a2fc710d3350bd82beb939aSo,f693da772b6ba497215104c0b3c3f571hM,d2338165334f08c3bd95df9e411f80d0rY,0508d7be415a54eba97a968f8dacd55chL,7c75bf66bcff31d46dd27f9d49c45488lS,dcbc4702b1a74e52cab4dc1e23971439LM
bb5bbd4fe2f47c6e4810df40a178deb7cV,bb9685f7011f9604acad8ae63c6da0ddHn,d26737bff980339cf372392e773fb063Es,c7f9349f001ec07fe76d0becea13a18azM,1647ffac32b2f51cfbe51f4150246471lB,63c630beb7b2f471af699f711207d28aVY
f1700927fd979f5ae074de8f9352d96fWy,b33302c688b04656f05d2a96c98e14c8cK,c02aef655be4fb390a9dd9ca2443be6aUG,4e5532b57d7ed12506377d0521ce8c6aNA,b8b7b6ad09f0cf3673ac1d8fab31ad52Xi,8d32b4d89b3145829cd3e57304c480cdQR
8bc2601dfe86b831e3bb23ac598218cbIs,60c6474b81b3f7d33f6da74e41ec9bbeeO,053ce9df9f578afea728a9aa98ba492cgk,d00053d7c20d37caab1b1c51080fe900Vc,357b6e22304e1fba993bb725e5c00276aY,c3c05664164dc4da9b638c821b59d1adFg
4d18579160a263df3f59863abef1c369iw,0cb8293fae46fb1f84b1f68d2371dc3bLQ,bacd30a8f578d3c3f4e75bd227af5fa5qw,2b11c52d795d03210ddb0613cbba3ab0HY,9f886439f15f3c3c2b24840763edfcdbrG,769db4ea593ce8f93a093a84ad1baec2OY
76b78c5d7d8ff1f1be59bba95db2adbbBV,74cbfa3620bb69031ebe4050585bd896uh,d4c894e72cbcba3ee54f16b94c185a4bJB,57096dcfbdfaff0e9efcb73c1b92c954fF,422e306ecc84c742bd1aab21cd80edd2vv,6be068c4e74275ca8ed9975805e2f763Em
b7b03ffc6f8bd9f3c81fcca8bf3d3edbkH,ca4d5884938fb754bf2d1b45e26822d4jc,8a6ed1d6ce11578d39635ef008e7cb2fOq,0cb8293fae46fb1f84b1f68d2371dc3bLQ,77f94afcb944fea2069092a4c92bab1fzk,71f952e353628d7e2f40d40038b09ac2Tn
3f8a23f817ba0bc38f071c1f282e0804Mo,fe2f46167b107413f778865ed496791dkk,4e2dacaa2a36579b658329c72d89dc10yI,ac93b858b8fefad947bfa03f98cebd6ayL,8487749a1fbde1b589d9f3ad3de7512cHC,eb8a50987da12c63d9024b6ef24caa5aYA
60c6474b81b3f7d33f6da74e41ec9bbeeO,8bc2601dfe86b831e3bb23ac598218cbIs,2b9f71dbd9a6431079fcf2eeb14115e4vK,053ce9df9f578afea728a9aa98ba492cgk,f444784e0f6e0fde86290b612df012c2wL,947b91653b955d9d1f8435b7a0639806QW
422e306ecc84c742bd1aab21cd80edd2vv,57096dcfbdfaff0e9efcb73c1b92c954fF,76b78c5d7d8ff1f1be59bba95db2adbbBV,74cbfa3620bb69031ebe4050585bd896uh,d4c894e72cbcba3ee54f16b94c185a4bJB,c02aef655be4fb390a9dd9ca2443be6aUG
5f252d4c3196fb23e0dd5c2d55a5d71bju,33ed1e1a04b3fa96d01d39e545cc1f66wF,3091525444b8b4d7fbc725e42b1b44a2YQ,c6c55f18b7b1c2f83cb35f18fad3f7ceXE,f60cb71f3c3244aa9bde85ea4652c48ddF,d2338165334f08c3bd95df9e411f80d0rY
f60cb71f3c3244aa9bde85ea4652c48ddF,3091525444b8b4d7fbc725e42b1b44a2YQ,33ed1e1a04b3fa96d01d39e545cc1f66wF,4f7f001bdbae6c195a6d7ba55b98dca1pf,7c75bf66bcff31d46dd27f9d49c45488lS,d2338165334f08c3bd95df9e411f80d0rY
efaa2b8bd2a6b5ba1400b8f9d5a4c302ub,e089e2787ca1f2cd11abb5b5b46da777eD,c31759a7c06bf3c3b95ee6a39780c633Dv,e57826db7a1aec9699875434de36323bCX,4e8253d6c20af58d080dfe5c4efd64b2Bd,8e98a0b91e08963f64e76137c3190418up
03ad994b5118076cd8c9be5f720d9bf3zy,5064c34286de0a0fa07ec216e1bbd200WV,02e9c21342c88515b4fa7e525d9ac652bO,487e36748734bdd5f6385b9588c3a46bmZ,5a5134580257a0e8ed6aeb3409ea7bceoV,6951495c1941499b294fcec5f33cd242wQ
74d485f8d9a8f589c5e5b3d3ddaf18e6Qn,dcbc4702b1a74e52cab4dc1e23971439LM,3fd63552b78084a7fa0cdaeb040ea59fdD,65e915067ec7ca2082c1bfc73ffbc06bhv,1647ffac32b2f51cfbe51f4150246471lB,49edbee9ee3c947a27db18b67ef2916afk
0267d6bf768486fee9e135bb99d78821Km,bacd30a8f578d3c3f4e75bd227af5fa5qw,c426e6695f91852a0f232bec3bf2ec82GE,0bc0bbc7c4382e44684ecc5713dd5dfclr,4c85da138b57322843392ae14d195e6dKl,84dbdf56ea2df1cb575a5e9ade6867f7QS
ca4d5884938fb754bf2d1b45e26822d4jc,3e1f8a4ef4af0439a98a788685729e11IS,b7b03ffc6f8bd9f3c81fcca8bf3d3edbkH,8a6ed1d6ce11578d39635ef008e7cb2fOq,9f886439f15f3c3c2b24840763edfcdbrG,9e7afc7cdb61931eb7d2cc8398b80ecfSQ
da7d1b1ce8fde63a5808c65adc6968c9RH,143594a38184724594778ca447bc06fcwe,5f95337039ebb2bc90206128d7187fbfpi,631a9ba8a33a19b1a2f6905c7714db75Jb,1941210d4e0ded26c0b5874fbb577e2dUi,0cb8293fae46fb1f84b1f68d2371dc3bLQ
958c83761a381a5c4d1048a7619972b4mt,b1a2525211071bea33285e1003468588tY,7c75bf66bcff31d46dd27f9d49c45488lS,f693da772b6ba497215104c0b3c3f571hM,dd16ebae4e718c8715a7f8ac7383c1cfxI,9e6d9d6e2a2fc710d3350bd82beb939aSo
4ec8f9d51f30f104abab956fde878822iH,9e7afc7cdb61931eb7d2cc8398b80ecfSQ,9e483e0aa193b102b1d1ebce0bd7d21eRK,e5ebf2752a03d6729cb633770e4eddd7Hd,0cf5da7bb05dfb15718653637b8df718vT,bfbc45b05c5a4425210cd2cb3d84ae09GC
84dbdf56ea2df1cb575a5e9ade6867f7QS,0f788cd8169f5149bc519e585cf7148bGu,bacd30a8f578d3c3f4e75bd227af5fa5qw,fb3b8b460680c72df323f38e3c0360d0bL,b2753fda2c112f7b20dd5dd0480b1b97KQ,4c85da138b57322843392ae14d195e6dKl
bacd30a8f578d3c3f4e75bd227af5fa5qw,0f788cd8169f5149bc519e585cf7148bGu,84dbdf56ea2df1cb575a5e9ade6867f7QS,0267d6bf768486fee9e135bb99d78821Km,b2753fda2c112f7b20dd5dd0480b1b97KQ,4d18579160a263df3f59863abef1c369iw
4e8253d6c20af58d080dfe5c4efd64b2Bd,e089e2787ca1f2cd11abb5b5b46da777eD,efaa2b8bd2a6b5ba1400b8f9d5a4c302ub,782d6b5fe8ab65d78b209fbc82b45e28AM,eb8a50987da12c63d9024b6ef24caa5aYA,d6d105d96fe6a1a994a68b78aafd2b84Ie
819db18c2d19dcd1194f3732c875ad7eBJ,ac93b858b8fefad947bfa03f98cebd6ayL,4e2dacaa2a36579b658329c72d89dc10yI,0f8d9e920c58c9d9ea139d1ab1b83ac6FJ,782d6b5fe8ab65d78b209fbc82b45e28AM,81d0e0a18c0b64c154f740d18febd1e8Az
2b11c52d795d03210ddb0613cbba3ab0HY,3896ac0c41340ac06686eb161a775aa6kx,1941210d4e0ded26c0b5874fbb577e2dUi,0cb8293fae46fb1f84b1f68d2371dc3bLQ,5a5134580257a0e8ed6aeb3409ea7bceoV,71f952e353628d7e2f40d40038b09ac2Tn
d67c554e181aa01e59f1d018ad28940czB,5f252d4c3196fb23e0dd5c2d55a5d71bju,4d18579160a263df3f59863abef1c369iw,33ed1e1a04b3fa96d01d39e545cc1f66wF,2b11c52d795d03210ddb0613cbba3ab0HY,1ffb0fe5bf8b13bb774a025726495066gx
782d6b5fe8ab65d78b209fbc82b45e28AM,819db18c2d19dcd1194f3732c875ad7eBJ,81d0e0a18c0b64c154f740d18febd1e8Az,19b59537f19a7171e6434596b4cd9517sv,efaa2b8bd2a6b5ba1400b8f9d5a4c302ub,7686fbb0058706785d7ba01041ef622foZ
e57826db7a1aec9699875434de36323bCX,efaa2b8bd2a6b5ba1400b8f9d5a4c302ub,e089e2787ca1f2cd11abb5b5b46da777eD,c31759a7c06bf3c3b95ee6a39780c633Dv,8e98a0b91e08963f64e76137c3190418up,05d9a76c5a623f203c71cc1de9c33348Dn
050716a1e3496566de850636d9e7eb8dUa,8b60765122cc0bf734f7170aebc0d565Wj,4e2dacaa2a36579b658329c72d89dc10yI,df6a0f0af90824594c229d656c269789Li,819db18c2d19dcd1194f3732c875ad7eBJ,782d6b5fe8ab65d78b209fbc82b45e28AM
3e1f8a4ef4af0439a98a788685729e11IS,8a6ed1d6ce11578d39635ef008e7cb2fOq,77f94afcb944fea2069092a4c92bab1fzk,6be068c4e74275ca8ed9975805e2f763Em,9e483e0aa193b102b1d1ebce0bd7d21eRK,71f952e353628d7e2f40d40038b09ac2Tn
0508d7be415a54eba97a968f8dacd55chL,f693da772b6ba497215104c0b3c3f571hM,c82f110050f63259dc05a34b7f3ffe5fFR,65e915067ec7ca2082c1bfc73ffbc06bhv,9e6d9d6e2a2fc710d3350bd82beb939aSo,1647ffac32b2f51cfbe51f4150246471lB
4e2dacaa2a36579b658329c72d89dc10yI,ac93b858b8fefad947bfa03f98cebd6ayL,0f8d9e920c58c9d9ea139d1ab1b83ac6FJ,819db18c2d19dcd1194f3732c875ad7eBJ,29394a50387ed592c62e7747bdd26c5afB,3f8a23f817ba0bc38f071c1f282e0804Mo
4e5532b57d7ed12506377d0521ce8c6aNA,8d32b4d89b3145829cd3e57304c480cdQR,f1700927fd979f5ae074de8f9352d96fWy,b33302c688b04656f05d2a96c98e14c8cK,14156440739a8b89a103e9ea599ad1faON,c02aef655be4fb390a9dd9ca2443be6aUG
d6d105d96fe6a1a994a68b78aafd2b84Ie,cac62dc89c1191d1b7aa1b0a32463a49dF,05d9a76c5a623f203c71cc1de9c33348Dn,e089e2787ca1f2cd11abb5b5b46da777eD,c31759a7c06bf3c3b95ee6a39780c633Dv,efaa2b8bd2a6b5ba1400b8f9d5a4c302ub
396db532782b68712e1b5d534ebb0e1bOA,33ed1e1a04b3fa96d01d39e545cc1f66wF,66a5d5d72c3bbe4a43df3d107aeb6199Oj,3091525444b8b4d7fbc725e42b1b44a2YQ,487e36748734bdd5f6385b9588c3a46bmZ,f60cb71f3c3244aa9bde85ea4652c48ddF
d2338165334f08c3bd95df9e411f80d0rY,7c75bf66bcff31d46dd27f9d49c45488lS,3091525444b8b4d7fbc725e42b1b44a2YQ,9e6d9d6e2a2fc710d3350bd82beb939aSo,f693da772b6ba497215104c0b3c3f571hM,f60cb71f3c3244aa9bde85ea4652c48ddF
4903ec45380747fb79467f74f6ddba01sx,f444784e0f6e0fde86290b612df012c2wL,facd880e03bb80c788839661a808af12iL,60c6474b81b3f7d33f6da74e41ec9bbeeO,8bc2601dfe86b831e3bb23ac598218cbIs,2b9f71dbd9a6431079fcf2eeb14115e4vK
05d9a76c5a623f203c71cc1de9c33348Dn,cac62dc89c1191d1b7aa1b0a32463a49dF,d6d105d96fe6a1a994a68b78aafd2b84Ie,8c9c8016d13138e456a315a6068ff697lQ,e089e2787ca1f2cd11abb5b5b46da777eD,c31759a7c06bf3c3b95ee6a39780c633Dv
9e483e0aa193b102b1d1ebce0bd7d21eRK,4ec8f9d51f30f104abab956fde878822iH,3e1f8a4ef4af0439a98a788685729e11IS,8a6ed1d6ce11578d39635ef008e7cb2fOq,9e7afc7cdb61931eb7d2cc8398b80ecfSQ,a7ce93b63f12684e9022b4e772da1f90QN
c6ae8905d3ef0c61f4a5b88238a32da0uC,c02aef655be4fb390a9dd9ca2443be6aUG,600a4de652c1b94b122b5b1a72cdf8baqf,d4c894e72cbcba3ee54f16b94c185a4bJB,b33302c688b04656f05d2a96c98e14c8cK,74cbfa3620bb69031ebe4050585bd896uh
dd16ebae4e718c8715a7f8ac7383c1cfxI,a8893224fdccd8ab322e266434d54471Lw,b1a2525211071bea33285e1003468588tY,9e6d9d6e2a2fc710d3350bd82beb939aSo,7c75bf66bcff31d46dd27f9d49c45488lS,958c83761a381a5c4d1048a7619972b4mt
0dd3de59b2a79f5f8f4794c2e489125ajh,bd738adc6e5f460099158081cf6d6738jm,df25af9b3490d9a57db263dfa308c5abDG,c426e6695f91852a0f232bec3bf2ec82GE,d2338165334f08c3bd95df9e411f80d0rY,4d18579160a263df3f59863abef1c369iw
66a5d5d72c3bbe4a43df3d107aeb6199Oj,396db532782b68712e1b5d534ebb0e1bOA,3896ac0c41340ac06686eb161a775aa6kx,2b11c52d795d03210ddb0613cbba3ab0HY,ac32ef70cc3081d78fb7a7ff9ef99e38tY,9dc4a301685e755ca1a7c648a2043ec9Ja
b8b7b6ad09f0cf3673ac1d8fab31ad52Xi,70cb83731f386d9b873391b78461bc9emp,3b3a3a0a692d7e19f03e60e4568afb4cCc,f1700927fd979f5ae074de8f9352d96fWy,c02aef655be4fb390a9dd9ca2443be6aUG,b33302c688b04656f05d2a96c98e14c8cK
a8893224fdccd8ab322e266434d54471Lw,dd16ebae4e718c8715a7f8ac7383c1cfxI,b1a2525211071bea33285e1003468588tY,958c83761a381a5c4d1048a7619972b4mt,7c75bf66bcff31d46dd27f9d49c45488lS,9443d31ea0285c1fd8bb198159440fb5OC
70cb83731f386d9b873391b78461bc9emp,b8b7b6ad09f0cf3673ac1d8fab31ad52Xi,c02aef655be4fb390a9dd9ca2443be6aUG,3b3a3a0a692d7e19f03e60e4568afb4cCc,952e95cafbb8ae027705e829607b4c3asE,c6ae8905d3ef0c61f4a5b88238a32da0uC
ac32ef70cc3081d78fb7a7ff9ef99e38tY,02e9c21342c88515b4fa7e525d9ac652bO,6951495c1941499b294fcec5f33cd242wQ,5064c34286de0a0fa07ec216e1bbd200WV,66a5d5d72c3bbe4a43df3d107aeb6199Oj,71f952e353628d7e2f40d40038b09ac2Tn
cac62dc89c1191d1b7aa1b0a32463a49dF,05d9a76c5a623f203c71cc1de9c33348Dn,d6d105d96fe6a1a994a68b78aafd2b84Ie,8c9c8016d13138e456a315a6068ff697lQ,c31759a7c06bf3c3b95ee6a39780c633Dv,e089e2787ca1f2cd11abb5b5b46da777eD
8487749a1fbde1b589d9f3ad3de7512cHC,3aa4f12a0d18e419f0d2a98cdf3b4209mD,3f8a23f817ba0bc38f071c1f282e0804Mo,4e2dacaa2a36579b658329c72d89dc10yI,9dea1b4383b606a3dda35b4124fb0928Ds,fe2f46167b107413f778865ed496791dkk
d0fe6ae336c11016ec02266f5384ca2fKS,bd163eebddb3467a8607492b3aa21ebfTq,57096dcfbdfaff0e9efcb73c1b92c954fF,422e306ecc84c742bd1aab21cd80edd2vv,76b78c5d7d8ff1f1be59bba95db2adbbBV,8a6ed1d6ce11578d39635ef008e7cb2fOq
3aa4f12a0d18e419f0d2a98cdf3b4209mD,3fd63552b78084a7fa0cdaeb040ea59fdD,8487749a1fbde1b589d9f3ad3de7512cHC,dcbc4702b1a74e52cab4dc1e23971439LM,9e6d9d6e2a2fc710d3350bd82beb939aSo,0508d7be415a54eba97a968f8dacd55chL
d36a17b71e0b1d407c632cfd9bbd0fefjh,1b630a56b891fb187d5a5b4d4b4c8ab0bV,9bd8a3072d083bf92e47dfcca71a1b9doM,5ffeb97e689cdf3fb3c9be1bb3336d07ks,07be0b2bf62207bd9e861534e5e53168sg,03ad994b5118076cd8c9be5f720d9bf3zy
e4b66c8e5feb0fd81e843e465815ddddGb,82848a0a5d5f3fc7837c34a7555aaf10vB,a6f94a2b4a3174b4b84b9f8e0339b755nV,cdd7c7185be165fb07d10c9f17abc2deBP,244cd198e7293fbabd28fad9934dcf89eh,14156440739a8b89a103e9ea599ad1faON
cdd7c7185be165fb07d10c9f17abc2deBP,6831ebb08ba49bf74ce9984483b2aed7DN,14156440739a8b89a103e9ea599ad1faON,8d32b4d89b3145829cd3e57304c480cdQR,e4b66c8e5feb0fd81e843e465815ddddGb,4e5532b57d7ed12506377d0521ce8c6aNA
1191e6eb34541653a48178c834cc65faIi,361186625dbbc6254e43f4f1ce55dae2kL,9bd8a3072d083bf92e47dfcca71a1b9doM,4501597aaa96415766a099d1b4c48fd1cL,9dc4a301685e755ca1a7c648a2043ec9Ja,b53f78c7e0a37a86c0eda9b0b5e22318lS
4c85da138b57322843392ae14d195e6dKl,d4e8ee4d6efc1848022b35c7a9eed5d8gp,1278cafef388336b4cf84e239c16a24dkN,b9e80a7860853d05fb0bb708d22bb031hD,29707ef5d18063fe0136dcd9459a326bmL,c426e6695f91852a0f232bec3bf2ec82GE
3b3a3a0a692d7e19f03e60e4568afb4cCc,b8b7b6ad09f0cf3673ac1d8fab31ad52Xi,70cb83731f386d9b873391b78461bc9emp,c02aef655be4fb390a9dd9ca2443be6aUG,952e95cafbb8ae027705e829607b4c3asE,c6ae8905d3ef0c61f4a5b88238a32da0uC
390223cbe8b4601f8616dac66c69b36cJi,d2338165334f08c3bd95df9e411f80d0rY,3091525444b8b4d7fbc725e42b1b44a2YQ,7c75bf66bcff31d46dd27f9d49c45488lS,33ed1e1a04b3fa96d01d39e545cc1f66wF,487e36748734bdd5f6385b9588c3a46bmZ
361186625dbbc6254e43f4f1ce55dae2kL,1191e6eb34541653a48178c834cc65faIi,9dc4a301685e755ca1a7c648a2043ec9Ja,9bd8a3072d083bf92e47dfcca71a1b9doM,1b630a56b891fb187d5a5b4d4b4c8ab0bV,07be0b2bf62207bd9e861534e5e53168sg
952e95cafbb8ae027705e829607b4c3asE,70cb83731f386d9b873391b78461bc9emp,c6ae8905d3ef0c61f4a5b88238a32da0uC,3b3a3a0a692d7e19f03e60e4568afb4cCc,c02aef655be4fb390a9dd9ca2443be6aUG,d4c894e72cbcba3ee54f16b94c185a4bJB
ab15415f67808a17b97f8ce7c09c046fQB,6951495c1941499b294fcec5f33cd242wQ,5a5134580257a0e8ed6aeb3409ea7bceoV,77f94afcb944fea2069092a4c92bab1fzk,1941210d4e0ded26c0b5874fbb577e2dUi,3896ac0c41340ac06686eb161a775aa6kx
c6c55f18b7b1c2f83cb35f18fad3f7ceXE,5f252d4c3196fb23e0dd5c2d55a5d71bju,b1a2525211071bea33285e1003468588tY,a8893224fdccd8ab322e266434d54471Lw,390223cbe8b4601f8616dac66c69b36cJi,33ed1e1a04b3fa96d01d39e545cc1f66wF
ae2fb1e9330fd3a5c837a56ccc50294bme,1ffb0fe5bf8b13bb774a025726495066gx,79ee4bc1251b3d1c26056adc932afa47wI,d8dc7860ea68b662e17382cc11b53228LI,0267d6bf768486fee9e135bb99d78821Km,bacd30a8f578d3c3f4e75bd227af5fa5qw
1b7d252ac6eb39369d451499cf605e70dh,2d6d2afd6028853b0a50f674cd887f55zs,d26737bff980339cf372392e773fb063Es,31e5c65f17292fdded6dd7f7d7622e5ddi,8c9c8016d13138e456a315a6068ff697lQ,c7f9349f001ec07fe76d0becea13a18azM
bd738adc6e5f460099158081cf6d6738jm,3af7feeff046a1e12fba650d42d5cb70cD,0dd3de59b2a79f5f8f4794c2e489125ajh,df25af9b3490d9a57db263dfa308c5abDG,9dea1b4383b606a3dda35b4124fb0928Ds,9e6d9d6e2a2fc710d3350bd82beb939aSo
8d32b4d89b3145829cd3e57304c480cdQR,4e5532b57d7ed12506377d0521ce8c6aNA,b33302c688b04656f05d2a96c98e14c8cK,f1700927fd979f5ae074de8f9352d96fWy,c02aef655be4fb390a9dd9ca2443be6aUG,c6ae8905d3ef0c61f4a5b88238a32da0uC
57096dcfbdfaff0e9efcb73c1b92c954fF,422e306ecc84c742bd1aab21cd80edd2vv,76b78c5d7d8ff1f1be59bba95db2adbbBV,d0fe6ae336c11016ec02266f5384ca2fKS,bd163eebddb3467a8607492b3aa21ebfTq,d4c894e72cbcba3ee54f16b94c185a4bJB
fbb6de5bc974d4ca77f40f5e3c5023a5TK,9dea1b4383b606a3dda35b4124fb0928Ds,fe2f46167b107413f778865ed496791dkk,3f8a23f817ba0bc38f071c1f282e0804Mo,ac93b858b8fefad947bfa03f98cebd6ayL,0f8d9e920c58c9d9ea139d1ab1b83ac6FJ
81d0e0a18c0b64c154f740d18febd1e8Az,819db18c2d19dcd1194f3732c875ad7eBJ,0f8d9e920c58c9d9ea139d1ab1b83ac6FJ,782d6b5fe8ab65d78b209fbc82b45e28AM,85147321ee987a08ecab0219478b6607TJ,ac93b858b8fefad947bfa03f98cebd6ayL
49edbee9ee3c947a27db18b67ef2916afk,dface8469dd1315170c2980c12ee4b9dzl,dcbc4702b1a74e52cab4dc1e23971439LM,74d485f8d9a8f589c5e5b3d3ddaf18e6Qn,487e36748734bdd5f6385b9588c3a46bmZ,65e915067ec7ca2082c1bfc73ffbc06bhv
a7ce93b63f12684e9022b4e772da1f90QN,17e23a28b86129f32adfd7d086182761as,9e483e0aa193b102b1d1ebce0bd7d21eRK,c47dbf19bd77fdc04d26486bd2257e7erh,4ec8f9d51f30f104abab956fde878822iH,cf8025d88a7ef18800686dbd36ecfae1dF
1ffb0fe5bf8b13bb774a025726495066gx,e75ba3cd97f9c2ad31c92711daa82604mx,50aad6fb1fe707fbbab38ee4dcb82aeafD,4c85da138b57322843392ae14d195e6dKl,ae2fb1e9330fd3a5c837a56ccc50294bme,29707ef5d18063fe0136dcd9459a326bmL
b53f78c7e0a37a86c0eda9b0b5e22318lS,4501597aaa96415766a099d1b4c48fd1cL,29707ef5d18063fe0136dcd9459a326bmL,b9e80a7860853d05fb0bb708d22bb031hD,1191e6eb34541653a48178c834cc65faIi,1278cafef388336b4cf84e239c16a24dkN
9dea1b4383b606a3dda35b4124fb0928Ds,3af7feeff046a1e12fba650d42d5cb70cD,fbb6de5bc974d4ca77f40f5e3c5023a5TK,8487749a1fbde1b589d9f3ad3de7512cHC,bd738adc6e5f460099158081cf6d6738jm,0f8d9e920c58c9d9ea139d1ab1b83ac6FJ
947b91653b955d9d1f8435b7a0639806QW,60c6474b81b3f7d33f6da74e41ec9bbeeO,8bc2601dfe86b831e3bb23ac598218cbIs,053ce9df9f578afea728a9aa98ba492cgk,f444784e0f6e0fde86290b612df012c2wL,2b9f71dbd9a6431079fcf2eeb14115e4vK
c47dbf19bd77fdc04d26486bd2257e7erh,cdb6e01527a77d5a9878138b46dedd99uS,a7ce93b63f12684e9022b4e772da1f90QN,17e23a28b86129f32adfd7d086182761as,cf8025d88a7ef18800686dbd36ecfae1dF,8c9c8016d13138e456a315a6068ff697lQ
8e98a0b91e08963f64e76137c3190418up,f032dd16d84e869435ab43c30cabe5faau,efaa2b8bd2a6b5ba1400b8f9d5a4c302ub,c31759a7c06bf3c3b95ee6a39780c633Dv,e57826db7a1aec9699875434de36323bCX,8732fb0b6fb60674681c48be91e88053LD
07be0b2bf62207bd9e861534e5e53168sg,9dc4a301685e755ca1a7c648a2043ec9Ja,361186625dbbc6254e43f4f1ce55dae2kL,1191e6eb34541653a48178c834cc65faIi,9bd8a3072d083bf92e47dfcca71a1b9doM,b53f78c7e0a37a86c0eda9b0b5e22318lS
bd163eebddb3467a8607492b3aa21ebfTq,d0fe6ae336c11016ec02266f5384ca2fKS,57096dcfbdfaff0e9efcb73c1b92c954fF,422e306ecc84c742bd1aab21cd80edd2vv,76b78c5d7d8ff1f1be59bba95db2adbbBV,c02e3f2283fc884b73951a20464246efcQ
f0618fc1e2b0da19ea756efb0606d96fbj,88a37fda2536f39ddf6d5abd30cfebb9CH,219ba769655ec6c2ef146e741ffb73aaXc,d62dd7c9543448e50c4f8ad4ff187c60iq,d8128e3cdddf2b2a63a83a8a70a77b7fwM,5ca013ebf6499639ffb2cfff2f76d7e5DS
5a5134580257a0e8ed6aeb3409ea7bceoV,6951495c1941499b294fcec5f33cd242wQ,02e9c21342c88515b4fa7e525d9ac652bO,1941210d4e0ded26c0b5874fbb577e2dUi,5064c34286de0a0fa07ec216e1bbd200WV,ab15415f67808a17b97f8ce7c09c046fQB
631a9ba8a33a19b1a2f6905c7714db75Jb,5f95337039ebb2bc90206128d7187fbfpi,ab15415f67808a17b97f8ce7c09c046fQB,1941210d4e0ded26c0b5874fbb577e2dUi,5a5134580257a0e8ed6aeb3409ea7bceoV,77f94afcb944fea2069092a4c92bab1fzk
d4e8ee4d6efc1848022b35c7a9eed5d8gp,4c85da138b57322843392ae14d195e6dKl,b9e80a7860853d05fb0bb708d22bb031hD,b2ee12a411cbfab4f81ce05ff67464dbOY,1278cafef388336b4cf84e239c16a24dkN,fb3b8b460680c72df323f38e3c0360d0bL
1278cafef388336b4cf84e239c16a24dkN,4c85da138b57322843392ae14d195e6dKl,d4e8ee4d6efc1848022b35c7a9eed5d8gp,b9e80a7860853d05fb0bb708d22bb031hD,b53f78c7e0a37a86c0eda9b0b5e22318lS,b2753fda2c112f7b20dd5dd0480b1b97KQ
6831ebb08ba49bf74ce9984483b2aed7DN,cdd7c7185be165fb07d10c9f17abc2deBP,a269f269c916a6c3b2c9bb439e7d5af1nF,14156440739a8b89a103e9ea599ad1faON,3889039a578d35f654f5681fed008690HT,e4b66c8e5feb0fd81e843e465815ddddGb
8abe0e986378d00dd8f9c49debf1a83eNK,63c630beb7b2f471af699f711207d28aVY,bb5bbd4fe2f47c6e4810df40a178deb7cV,9e12f240e482ebf51951cc5a53f7319csS,600a4de652c1b94b122b5b1a72cdf8baqf,bb9685f7011f9604acad8ae63c6da0ddHn
b9e80a7860853d05fb0bb708d22bb031hD,4501597aaa96415766a099d1b4c48fd1cL,d4e8ee4d6efc1848022b35c7a9eed5d8gp,b53f78c7e0a37a86c0eda9b0b5e22318lS,1278cafef388336b4cf84e239c16a24dkN,29707ef5d18063fe0136dcd9459a326bmL
244cd198e7293fbabd28fad9934dcf89eh,e089e2787ca1f2cd11abb5b5b46da777eD,7287ce81975d16dd82912b32253347e2mH,d26737bff980339cf372392e773fb063Es,e4b66c8e5feb0fd81e843e465815ddddGb,efaa2b8bd2a6b5ba1400b8f9d5a4c302ub
c02e3f2283fc884b73951a20464246efcQ,a132e9ec0df354335551ac32de71bf54VC,422e306ecc84c742bd1aab21cd80edd2vv,bd163eebddb3467a8607492b3aa21ebfTq,d0fe6ae336c11016ec02266f5384ca2fKS,57096dcfbdfaff0e9efcb73c1b92c954fF
c426e6695f91852a0f232bec3bf2ec82GE,0267d6bf768486fee9e135bb99d78821Km,4c85da138b57322843392ae14d195e6dKl,29707ef5d18063fe0136dcd9459a326bmL,bacd30a8f578d3c3f4e75bd227af5fa5qw,b9e80a7860853d05fb0bb708d22bb031hD
cb8ce29b7a27768b50e1e7798ff44a1eph,053ce9df9f578afea728a9aa98ba492cgk,947b91653b955d9d1f8435b7a0639806QW,f444784e0f6e0fde86290b612df012c2wL,be633f18e00b5f1f678f07bec3234e36eZ,6831ebb08ba49bf74ce9984483b2aed7DN
4501597aaa96415766a099d1b4c48fd1cL,b53f78c7e0a37a86c0eda9b0b5e22318lS,b9e80a7860853d05fb0bb708d22bb031hD,1191e6eb34541653a48178c834cc65faIi,29707ef5d18063fe0136dcd9459a326bmL,9bd8a3072d083bf92e47dfcca71a1b9doM
29707ef5d18063fe0136dcd9459a326bmL,b53f78c7e0a37a86c0eda9b0b5e22318lS,4501597aaa96415766a099d1b4c48fd1cL,b9e80a7860853d05fb0bb708d22bb031hD,4c85da138b57322843392ae14d195e6dKl,1278cafef388336b4cf84e239c16a24dkN
8732fb0b6fb60674681c48be91e88053LD,3507256fe513473bfb5b752ec32967dbXz,b57abdc3a1618084f788b74a442c7169oY,682e5efbd87df89c3ffe9e59883b0ad2EY,3889039a578d35f654f5681fed008690HT,8e98a0b91e08963f64e76137c3190418up
19b59537f19a7171e6434596b4cd9517sv,08547ebad692c1f0286fb42e8d1a68cfEd,92bca01a6a5572c56087013330ea3d27Gh,df6a0f0af90824594c229d656c269789Li,7686fbb0058706785d7ba01041ef622foZ,782d6b5fe8ab65d78b209fbc82b45e28AM
9dc4a301685e755ca1a7c648a2043ec9Ja,361186625dbbc6254e43f4f1ce55dae2kL,1191e6eb34541653a48178c834cc65faIi,07be0b2bf62207bd9e861534e5e53168sg,9bd8a3072d083bf92e47dfcca71a1b9doM,b53f78c7e0a37a86c0eda9b0b5e22318lS
053ce9df9f578afea728a9aa98ba492cgk,8bc2601dfe86b831e3bb23ac598218cbIs,60c6474b81b3f7d33f6da74e41ec9bbeeO,d00053d7c20d37caab1b1c51080fe900Vc,c3c05664164dc4da9b638c821b59d1adFg,357b6e22304e1fba993bb725e5c00276aY
9bd8a3072d083bf92e47dfcca71a1b9doM,1191e6eb34541653a48178c834cc65faIi,361186625dbbc6254e43f4f1ce55dae2kL,1b630a56b891fb187d5a5b4d4b4c8ab0bV,07be0b2bf62207bd9e861534e5e53168sg,9dc4a301685e755ca1a7c648a2043ec9Ja
02cea68bba1a43edc830836016f99d3chE,9e7a18559cd0da98a851d063ff6c6533FH,da5b59bd382fef28c074fa775fcde84dKZ,c8f9d1b31ad0c5323df75bc3c169a951OS,a6aba4190760679e77bcc60918254a19cH,ec7b93412bfd91c7ef4113fae9f43bbbhG
cdd05a502748a3d3dc5d7d2faea0ed9bWE,5ac445bf72309dce01eb4c6ec8d5cee8VC,621cee7b2edf5d49210bae18c12b5003zB,ec7b93412bfd91c7ef4113fae9f43bbbhG,b7b03ffc6f8bd9f3c81fcca8bf3d3edbkH,ca4d5884938fb754bf2d1b45e26822d4jc
9e12f240e482ebf51951cc5a53f7319csS,8abe0e986378d00dd8f9c49debf1a83eNK,600a4de652c1b94b122b5b1a72cdf8baqf,c3c05664164dc4da9b638c821b59d1adFg,9b449f0247c4a7691761b4cb5c4941a4uf,63c630beb7b2f471af699f711207d28aVY
29394a50387ed592c62e7747bdd26c5afB,4e2dacaa2a36579b658329c72d89dc10yI,ac93b858b8fefad947bfa03f98cebd6ayL,85147321ee987a08ecab0219478b6607TJ,3dad8a1b24b25699172780148209a886Bg,0f8d9e920c58c9d9ea139d1ab1b83ac6FJ
2b9f71dbd9a6431079fcf2eeb14115e4vK,60c6474b81b3f7d33f6da74e41ec9bbeeO,517f6dc84533b2a2300e9d75a49244f1JW,f444784e0f6e0fde86290b612df012c2wL,4903ec45380747fb79467f74f6ddba01sx,49edbee9ee3c947a27db18b67ef2916afk
1b630a56b891fb187d5a5b4d4b4c8ab0bV,d36a17b71e0b1d407c632cfd9bbd0fefjh,361186625dbbc6254e43f4f1ce55dae2kL,9bd8a3072d083bf92e47dfcca71a1b9doM,1191e6eb34541653a48178c834cc65faIi,07be0b2bf62207bd9e861534e5e53168sg
df6a0f0af90824594c229d656c269789Li,08547ebad692c1f0286fb42e8d1a68cfEd,92bca01a6a5572c56087013330ea3d27Gh,19b59537f19a7171e6434596b4cd9517sv,8b60765122cc0bf734f7170aebc0d565Wj,7686fbb0058706785d7ba01041ef622foZ
c31759a7c06bf3c3b95ee6a39780c633Dv,efaa2b8bd2a6b5ba1400b8f9d5a4c302ub,d6d105d96fe6a1a994a68b78aafd2b84Ie,cac62dc89c1191d1b7aa1b0a32463a49dF,05d9a76c5a623f203c71cc1de9c33348Dn,e089e2787ca1f2cd11abb5b5b46da777eD
ceda7a83f9b76c207cbf335be36cc45efN,ac93b858b8fefad947bfa03f98cebd6ayL,4e2dacaa2a36579b658329c72d89dc10yI,0f8d9e920c58c9d9ea139d1ab1b83ac6FJ,dce82fb9fd74206ef3fc78e452dc60e8Nl,3f8a23f817ba0bc38f071c1f282e0804Mo
d00053d7c20d37caab1b1c51080fe900Vc,357b6e22304e1fba993bb725e5c00276aY,74cbfa3620bb69031ebe4050585bd896uh,d4c894e72cbcba3ee54f16b94c185a4bJB,8bc2601dfe86b831e3bb23ac598218cbIs,5064c34286de0a0fa07ec216e1bbd200WV
32aaf57ac44954454d2ea8bd80dee594gn,89b2ab9363981f41a573ca5a91348f87nS,330b46620f43baf6a3506b9c8a429357ux,816690b1929ef5208154bbaa919b2ef6Se,bb806b6da2491f462f28702316fab2d6EL,e1ddb0f15ab87b3ccffa8448ce996db5BW
1d46faea2fafa0fd9882b1024074a3a9pl,e5edb86b2f4fff1392f1989817ffd63dyx,197912d000fd1ef402411b6ebe142b37Ji,d30882923b252ded456f5830e734d1efDN,37a99b95cbb8be90324a718370821d34UC,5ffeb97e689cdf3fb3c9be1bb3336d07ks
f032dd16d84e869435ab43c30cabe5faau,8e98a0b91e08963f64e76137c3190418up,b57abdc3a1618084f788b74a442c7169oY,682e5efbd87df89c3ffe9e59883b0ad2EY,8732fb0b6fb60674681c48be91e88053LD,3507256fe513473bfb5b752ec32967dbXz
ac93b858b8fefad947bfa03f98cebd6ayL,4e2dacaa2a36579b658329c72d89dc10yI,819db18c2d19dcd1194f3732c875ad7eBJ,0f8d9e920c58c9d9ea139d1ab1b83ac6FJ,ceda7a83f9b76c207cbf335be36cc45efN,29394a50387ed592c62e7747bdd26c5afB
f2e6829d748c302d87e88ace1380377asz,3b3a3a0a692d7e19f03e60e4568afb4cCc,1107303ead66d03430a510dee038c7b1uo,952e95cafbb8ae027705e829607b4c3asE,70cb83731f386d9b873391b78461bc9emp,b8b7b6ad09f0cf3673ac1d8fab31ad52Xi
b0b74961ee75328fd017af87025f6affBJ,ac93b858b8fefad947bfa03f98cebd6ayL,819db18c2d19dcd1194f3732c875ad7eBJ,85147321ee987a08ecab0219478b6607TJ,0f8d9e920c58c9d9ea139d1ab1b83ac6FJ,81d0e0a18c0b64c154f740d18febd1e8Az
3af7feeff046a1e12fba650d42d5cb70cD,bd738adc6e5f460099158081cf6d6738jm,9dea1b4383b606a3dda35b4124fb0928Ds,8487749a1fbde1b589d9f3ad3de7512cHC,958c83761a381a5c4d1048a7619972b4mt,9e6d9d6e2a2fc710d3350bd82beb939aSo
50aad6fb1fe707fbbab38ee4dcb82aeafD,1ffb0fe5bf8b13bb774a025726495066gx,e75ba3cd97f9c2ad31c92711daa82604mx,8f16dfbc744a9f4b42a908e08fa8f091aR,88a37fda2536f39ddf6d5abd30cfebb9CH,5ca013ebf6499639ffb2cfff2f76d7e5DS
fb3b8b460680c72df323f38e3c0360d0bL,d4e8ee4d6efc1848022b35c7a9eed5d8gp,b2ee12a411cbfab4f81ce05ff67464dbOY,84dbdf56ea2df1cb575a5e9ade6867f7QS,0f788cd8169f5149bc519e585cf7148bGu,b9e80a7860853d05fb0bb708d22bb031hD
1cc40b930be4012a7ac69232e305b1b6OV,95bd43b76b27bcc73a58c095c4c35960nQ,a7cee5c26239e7dfa04ae26d26443ddfBn,5ffeb97e689cdf3fb3c9be1bb3336d07ks,a8893224fdccd8ab322e266434d54471Lw,dd16ebae4e718c8715a7f8ac7383c1cfxI
8b60765122cc0bf734f7170aebc0d565Wj,3dad8a1b24b25699172780148209a886Bg,df6a0f0af90824594c229d656c269789Li,40e30e0b8d35171e6c77a0744619b5d1Yc,85147321ee987a08ecab0219478b6607TJ,a8aeb2abbc05733baccebd10e985e525bg
621cee7b2edf5d49210bae18c12b5003zB,cdd05a502748a3d3dc5d7d2faea0ed9bWE,9e7a18559cd0da98a851d063ff6c6533FH,5ac445bf72309dce01eb4c6ec8d5cee8VC,b7b03ffc6f8bd9f3c81fcca8bf3d3edbkH,79ee4bc1251b3d1c26056adc932afa47wI
a269f269c916a6c3b2c9bb439e7d5af1nF,6831ebb08ba49bf74ce9984483b2aed7DN,3889039a578d35f654f5681fed008690HT,cdd7c7185be165fb07d10c9f17abc2deBP,5997a66144f3b9d3fdf473cc18ffc785NB,14156440739a8b89a103e9ea599ad1faON
517f6dc84533b2a2300e9d75a49244f1JW,f444784e0f6e0fde86290b612df012c2wL,2b9f71dbd9a6431079fcf2eeb14115e4vK,d30882923b252ded456f5830e734d1efDN,60c6474b81b3f7d33f6da74e41ec9bbeeO,4903ec45380747fb79467f74f6ddba01sx
b57abdc3a1618084f788b74a442c7169oY,682e5efbd87df89c3ffe9e59883b0ad2EY,3507256fe513473bfb5b752ec32967dbXz,8a7af4fd913f2e5ab7de57c4b1d940e0nl,8732fb0b6fb60674681c48be91e88053LD,0e7190ace365811a0e2b802bbdd2e56flx
a6aba4190760679e77bcc60918254a19cH,02cea68bba1a43edc830836016f99d3chE,c8f9d1b31ad0c5323df75bc3c169a951OS,da5b59bd382fef28c074fa775fcde84dKZ,c47dbf19bd77fdc04d26486bd2257e7erh,05d9a76c5a623f203c71cc1de9c33348Dn
08547ebad692c1f0286fb42e8d1a68cfEd,19b59537f19a7171e6434596b4cd9517sv,92bca01a6a5572c56087013330ea3d27Gh,df6a0f0af90824594c229d656c269789Li,7686fbb0058706785d7ba01041ef622foZ,8b60765122cc0bf734f7170aebc0d565Wj
b2ee12a411cbfab4f81ce05ff67464dbOY,d4e8ee4d6efc1848022b35c7a9eed5d8gp,fb3b8b460680c72df323f38e3c0360d0bL,b9e80a7860853d05fb0bb708d22bb031hD,1278cafef388336b4cf84e239c16a24dkN,4c85da138b57322843392ae14d195e6dKl
a132e9ec0df354335551ac32de71bf54VC,c02e3f2283fc884b73951a20464246efcQ,422e306ecc84c742bd1aab21cd80edd2vv,57096dcfbdfaff0e9efcb73c1b92c954fF,6a095924282c8a7bd299de4c65bdc62bGK,bd163eebddb3467a8607492b3aa21ebfTq
da5b59bd382fef28c074fa775fcde84dKZ,31e5c65f17292fdded6dd7f7d7622e5ddi,02cea68bba1a43edc830836016f99d3chE,cf8025d88a7ef18800686dbd36ecfae1dF,ca4d5884938fb754bf2d1b45e26822d4jc,534952ab1cf024773caddc874099da11qn
3507256fe513473bfb5b752ec32967dbXz,8732fb0b6fb60674681c48be91e88053LD,b57abdc3a1618084f788b74a442c7169oY,682e5efbd87df89c3ffe9e59883b0ad2EY,f032dd16d84e869435ab43c30cabe5faau,4bc00598816dde4a3fc702cc3499d0a4oS
7686fbb0058706785d7ba01041ef622foZ,8a7af4fd913f2e5ab7de57c4b1d940e0nl,df6a0f0af90824594c229d656c269789Li,19b59537f19a7171e6434596b4cd9517sv,08547ebad692c1f0286fb42e8d1a68cfEd,b641c6b1b342ef150544480ab3af4f36aB
d456b739849fa6312b6abe236d47ff51NL,6a2b0c19f3495f883ee9f679365d9d43ch,8f16dfbc744a9f4b42a908e08fa8f091aR,e0836ba5a81b660d427484f28adcd6a0SR,c6c55f18b7b1c2f83cb35f18fad3f7ceXE,892531e5ea37639f13e557d261b58e0ega
5ffeb97e689cdf3fb3c9be1bb3336d07ks,d36a17b71e0b1d407c632cfd9bbd0fefjh,1cc40b930be4012a7ac69232e305b1b6OV,1b630a56b891fb187d5a5b4d4b4c8ab0bV,390223cbe8b4601f8616dac66c69b36cJi,547281a2f028769dd62d9dfe415e2abfNt
facd880e03bb80c788839661a808af12iL,4903ec45380747fb79467f74f6ddba01sx,f444784e0f6e0fde86290b612df012c2wL,517f6dc84533b2a2300e9d75a49244f1JW,2b9f71dbd9a6431079fcf2eeb14115e4vK,60c6474b81b3f7d33f6da74e41ec9bbeeO
1107303ead66d03430a510dee038c7b1uo,f2e6829d748c302d87e88ace1380377asz,7969f7308d37026623e5b5c7d63989ecbE,59e01c01cb9b184fb69d46f2229b1acfqq,14156440739a8b89a103e9ea599ad1faON,6831ebb08ba49bf74ce9984483b2aed7DN
d8dc7860ea68b662e17382cc11b53228LI,79ee4bc1251b3d1c26056adc932afa47wI,0bc0bbc7c4382e44684ecc5713dd5dfclr,b2753fda2c112f7b20dd5dd0480b1b97KQ,bacd30a8f578d3c3f4e75bd227af5fa5qw,ae2fb1e9330fd3a5c837a56ccc50294bme
463d5cdb184217b395246e2d9e87a32fNa,ce51c5133a435e38c46ac90111f896aesp,84dbdf56ea2df1cb575a5e9ade6867f7QS,d262f4532834aa4c1de1b8ad05868d27tS,78758734641d5af094759e0193cc1b8bEU,0267d6bf768486fee9e135bb99d78821Km
88a37fda2536f39ddf6d5abd30cfebb9CH,5ca013ebf6499639ffb2cfff2f76d7e5DS,f0618fc1e2b0da19ea756efb0606d96fbj,219ba769655ec6c2ef146e741ffb73aaXc,42adb426132a1d316af4a0b025f92175cW,50aad6fb1fe707fbbab38ee4dcb82aeafD
fdbace77ac2748b7d560af868158495dkY,bb18b6d7df43d3639bb490493047cd53zp,1b39e7fef258c318daac2cfd408dd150PO,af0004bd8da6280f5022c07a20904134tK,eb495685cae482e3e434f97166eabbc9Zz,7287ce81975d16dd82912b32253347e2mH
78758734641d5af094759e0193cc1b8bEU,fb3b8b460680c72df323f38e3c0360d0bL,b92201249a23132e0f7daa3129407742te,ce51c5133a435e38c46ac90111f896aesp,0bc0bbc7c4382e44684ecc5713dd5dfclr,32aaf57ac44954454d2ea8bd80dee594gn
f444784e0f6e0fde86290b612df012c2wL,4903ec45380747fb79467f74f6ddba01sx,517f6dc84533b2a2300e9d75a49244f1JW,60c6474b81b3f7d33f6da74e41ec9bbeeO,2b9f71dbd9a6431079fcf2eeb14115e4vK,053ce9df9f578afea728a9aa98ba492cgk
596fb26f5116f2c30c4ecb08d24300bauc,ad7952f548831fd18008b7c2eae34f37lV,bb56f5c5075b133c50c45146ed252b24KU,689b547209c63692901d733967ee5372Jm,050716a1e3496566de850636d9e7eb8dUa,a8aeb2abbc05733baccebd10e985e525bg
17e23a28b86129f32adfd7d086182761as,a7ce93b63f12684e9022b4e772da1f90QN,c47dbf19bd77fdc04d26486bd2257e7erh,9e483e0aa193b102b1d1ebce0bd7d21eRK,4ec8f9d51f30f104abab956fde878822iH,cf8025d88a7ef18800686dbd36ecfae1dF
dce82fb9fd74206ef3fc78e452dc60e8Nl,ceda7a83f9b76c207cbf335be36cc45efN,a7cee5c26239e7dfa04ae26d26443ddfBn,bb56f5c5075b133c50c45146ed252b24KU,3dad8a1b24b25699172780148209a886Bg,4e2dacaa2a36579b658329c72d89dc10yI
a6f94a2b4a3174b4b84b9f8e0339b755nV,82848a0a5d5f3fc7837c34a7555aaf10vB,e4b66c8e5feb0fd81e843e465815ddddGb,050716a1e3496566de850636d9e7eb8dUa,cdd7c7185be165fb07d10c9f17abc2deBP,3889039a578d35f654f5681fed008690HT
d262f4532834aa4c1de1b8ad05868d27tS,5a37f30febe66bc874d0733863f56525zk,463d5cdb184217b395246e2d9e87a32fNa,2cfa3ce5aca7d2affe1239f1e022639eMv,2d46d43a4b5208d781313e73ceb73f9aTP,95381b6f6aeb49d14f9c6147296696b0Zn
c3c05664164dc4da9b638c821b59d1adFg,d00053d7c20d37caab1b1c51080fe900Vc,8bc2601dfe86b831e3bb23ac598218cbIs,74cbfa3620bb69031ebe4050585bd896uh,c6ae8905d3ef0c61f4a5b88238a32da0uC,053ce9df9f578afea728a9aa98ba492cgk
2495fdc29eba330bbd63e525674cc9d8vS,c874e6878581ed6ab9dc0e3d24389b30tw,bb56f5c5075b133c50c45146ed252b24KU,3fd63552b78084a7fa0cdaeb040ea59fdD,2b9f71dbd9a6431079fcf2eeb14115e4vK,9e6d9d6e2a2fc710d3350bd82beb939aSo
d62dd7c9543448e50c4f8ad4ff187c60iq,219ba769655ec6c2ef146e741ffb73aaXc,d8128e3cdddf2b2a63a83a8a70a77b7fwM,f0618fc1e2b0da19ea756efb0606d96fbj,80e6825f182eb3be92b322bae2020303mR,88a37fda2536f39ddf6d5abd30cfebb9CH
3889039a578d35f654f5681fed008690HT,8732fb0b6fb60674681c48be91e88053LD,a269f269c916a6c3b2c9bb439e7d5af1nF,3507256fe513473bfb5b752ec32967dbXz,e4b66c8e5feb0fd81e843e465815ddddGb,6831ebb08ba49bf74ce9984483b2aed7DN
d8128e3cdddf2b2a63a83a8a70a77b7fwM,80e6825f182eb3be92b322bae2020303mR,219ba769655ec6c2ef146e741ffb73aaXc,42adb426132a1d316af4a0b025f92175cW,d62dd7c9543448e50c4f8ad4ff187c60iq,c140c53ecc5a5ca43286e29edaccf119FP
6c83d50fd093d004a23284c673e2bf45Zw,01f32a0ce6c8116547df9fefd863bf53nV,8cc9f45b668162ac01ad5832a4adb7c0Uv,c8f9d1b31ad0c5323df75bc3c169a951OS,2c3b541d3885464627226305b45804edvG,f0618fc1e2b0da19ea756efb0606d96fbj
219ba769655ec6c2ef146e741ffb73aaXc,d8128e3cdddf2b2a63a83a8a70a77b7fwM,5ca013ebf6499639ffb2cfff2f76d7e5DS,88a37fda2536f39ddf6d5abd30cfebb9CH,f0618fc1e2b0da19ea756efb0606d96fbj,d62dd7c9543448e50c4f8ad4ff187c60iq
c28f6276cf756e5f349e31ae177427ceYv,35bb06b4aafb01340a628aef8066cf06tp,2495fdc29eba330bbd63e525674cc9d8vS,bb56f5c5075b133c50c45146ed252b24KU,c874e6878581ed6ab9dc0e3d24389b30tw,c71ad6ddfcec9c1354286aead0685969fV
b2753fda2c112f7b20dd5dd0480b1b97KQ,bacd30a8f578d3c3f4e75bd227af5fa5qw,1278cafef388336b4cf84e239c16a24dkN,4c85da138b57322843392ae14d195e6dKl,84dbdf56ea2df1cb575a5e9ade6867f7QS,d4e8ee4d6efc1848022b35c7a9eed5d8gp
5b43e275bb223ae7bee9808b618a3467ws,b2ee12a411cbfab4f81ce05ff67464dbOY,9dc4a301685e755ca1a7c648a2043ec9Ja,fb3b8b460680c72df323f38e3c0360d0bL,4b7e2012adae05aa956e30d76cb5a0bexk,b2753fda2c112f7b20dd5dd0480b1b97KQ
85147321ee987a08ecab0219478b6607TJ,40e30e0b8d35171e6c77a0744619b5d1Yc,29394a50387ed592c62e7747bdd26c5afB,8b60765122cc0bf734f7170aebc0d565Wj,81d0e0a18c0b64c154f740d18febd1e8Az,b0b74961ee75328fd017af87025f6affBJ
5ca013ebf6499639ffb2cfff2f76d7e5DS,88a37fda2536f39ddf6d5abd30cfebb9CH,219ba769655ec6c2ef146e741ffb73aaXc,42adb426132a1d316af4a0b025f92175cW,1f7f50e4281491018c41ec4ff3c46eb3HA,f0618fc1e2b0da19ea756efb0606d96fbj
ce51c5133a435e38c46ac90111f896aesp,6bb61a23a3a8b8cb0a3da3a394102e2cnW,9904020341cefe824be71f68c5c4ab1bWw,dacc8a9150318606286b084ebdeae321PG,874204741cce2c5a4439e449042a6c44ej,bc06e4cf4937d73282ccc36f22daa029yi
e75ba3cd97f9c2ad31c92711daa82604mx,1ffb0fe5bf8b13bb774a025726495066gx,50aad6fb1fe707fbbab38ee4dcb82aeafD,4c85da138b57322843392ae14d195e6dKl,0bc0bbc7c4382e44684ecc5713dd5dfclr,29707ef5d18063fe0136dcd9459a326bmL
48fbec9c80fb70f6cbca7e8ed0e31c74gx,28af192025130fefa197ce797b6a20b7Da,8f04d8848cac7f7e98164c48450e6ea9Ie,7686fbb0058706785d7ba01041ef622foZ,19b59537f19a7171e6434596b4cd9517sv,567dc1ba34c0a3c5cfb491bd0b1571c1jw
816690b1929ef5208154bbaa919b2ef6Se,4a6452fc517baf9caa39d31914c235b6oy,4297a05b9bd4ed931d50cff51cde02fbeN,19af7de4a8f9a73893833b22361aa8a7Nc,65709760e0dd19e7f4147c87c30e3055wd,89b2ab9363981f41a573ca5a91348f87nS
0f8d9e920c58c9d9ea139d1ab1b83ac6FJ,4e2dacaa2a36579b658329c72d89dc10yI,ac93b858b8fefad947bfa03f98cebd6ayL,819db18c2d19dcd1194f3732c875ad7eBJ,81d0e0a18c0b64c154f740d18febd1e8Az,3f8a23f817ba0bc38f071c1f282e0804Mo
95381b6f6aeb49d14f9c6147296696b0Zn,4c7b60bc03f13ea8afaa39797e53903caq,a452115cc743d0d875eeb5b1fc682103dQ,db49f52acce7087267b6b26cfa809d21Vl,2cfa3ce5aca7d2affe1239f1e022639eMv,4b7e2012adae05aa956e30d76cb5a0bexk
7287ce81975d16dd82912b32253347e2mH,244cd198e7293fbabd28fad9934dcf89eh,af0004bd8da6280f5022c07a20904134tK,fdbace77ac2748b7d560af868158495dkY,cdb6e01527a77d5a9878138b46dedd99uS,1dafd951a02a669de3fc947a23e1ee24MX
bb56f5c5075b133c50c45146ed252b24KU,c874e6878581ed6ab9dc0e3d24389b30tw,596fb26f5116f2c30c4ecb08d24300bauc,2495fdc29eba330bbd63e525674cc9d8vS,689b547209c63692901d733967ee5372Jm,dce82fb9fd74206ef3fc78e452dc60e8Nl
5f95337039ebb2bc90206128d7187fbfpi,da7d1b1ce8fde63a5808c65adc6968c9RH,631a9ba8a33a19b1a2f6905c7714db75Jb,143594a38184724594778ca447bc06fcwe,ab15415f67808a17b97f8ce7c09c046fQB,1941210d4e0ded26c0b5874fbb577e2dUi
892531e5ea37639f13e557d261b58e0ega,a8893224fdccd8ab322e266434d54471Lw,390223cbe8b4601f8616dac66c69b36cJi,c6c55f18b7b1c2f83cb35f18fad3f7ceXE,dd16ebae4e718c8715a7f8ac7383c1cfxI,d456b739849fa6312b6abe236d47ff51NL
c874e6878581ed6ab9dc0e3d24389b30tw,2495fdc29eba330bbd63e525674cc9d8vS,bb56f5c5075b133c50c45146ed252b24KU,7a4bd62bf5cfb34840fd730f6aafaa7dNM,596fb26f5116f2c30c4ecb08d24300bauc,689b547209c63692901d733967ee5372Jm
9443d31ea0285c1fd8bb198159440fb5OC,a8893224fdccd8ab322e266434d54471Lw,1ec45c529e72f0e850fa0382999a9171gk,dd16ebae4e718c8715a7f8ac7383c1cfxI,80e6825f182eb3be92b322bae2020303mR,958c83761a381a5c4d1048a7619972b4mt
0bc0bbc7c4382e44684ecc5713dd5dfclr,0267d6bf768486fee9e135bb99d78821Km,d8dc7860ea68b662e17382cc11b53228LI,b2753fda2c112f7b20dd5dd0480b1b97KQ,bacd30a8f578d3c3f4e75bd227af5fa5qw,e75ba3cd97f9c2ad31c92711daa82604mx
b1a2525211071bea33285e1003468588tY,7c75bf66bcff31d46dd27f9d49c45488lS,dd16ebae4e718c8715a7f8ac7383c1cfxI,958c83761a381a5c4d1048a7619972b4mt,a8893224fdccd8ab322e266434d54471Lw,d2338165334f08c3bd95df9e411f80d0rY
82848a0a5d5f3fc7837c34a7555aaf10vB,e4b66c8e5feb0fd81e843e465815ddddGb,a6f94a2b4a3174b4b84b9f8e0339b755nV,74d485f8d9a8f589c5e5b3d3ddaf18e6Qn,d26737bff980339cf372392e773fb063Es,3fd63552b78084a7fa0cdaeb040ea59fdD
6a2b0c19f3495f883ee9f679365d9d43ch,d456b739849fa6312b6abe236d47ff51NL,a7d218e40815733871c6e1c70efbaff3SE,e0836ba5a81b660d427484f28adcd6a0SR,17a71e76c6f394933201f701f57cbf4fIa,892531e5ea37639f13e557d261b58e0ega
ad7952f548831fd18008b7c2eae34f37lV,689b547209c63692901d733967ee5372Jm,596fb26f5116f2c30c4ecb08d24300bauc,a8aeb2abbc05733baccebd10e985e525bg,3dad8a1b24b25699172780148209a886Bg,8b60765122cc0bf734f7170aebc0d565Wj
79ee4bc1251b3d1c26056adc932afa47wI,d8dc7860ea68b662e17382cc11b53228LI,ae2fb1e9330fd3a5c837a56ccc50294bme,b2753fda2c112f7b20dd5dd0480b1b97KQ,84dbdf56ea2df1cb575a5e9ade6867f7QS,bacd30a8f578d3c3f4e75bd227af5fa5qw
f5e103833210e3c62b503e9266a47169SF,a452115cc743d0d875eeb5b1fc682103dQ,4b7e2012adae05aa956e30d76cb5a0bexk,79ee4bc1251b3d1c26056adc932afa47wI,bb806b6da2491f462f28702316fab2d6EL,d8dc7860ea68b662e17382cc11b53228LI
9f061698426c16445e46aee9114635c9ei,7686fbb0058706785d7ba01041ef622foZ,df6a0f0af90824594c229d656c269789Li,39312de6b4da971b49a69a7695fbd332hH,782d6b5fe8ab65d78b209fbc82b45e28AM,819db18c2d19dcd1194f3732c875ad7eBJ
a7cee5c26239e7dfa04ae26d26443ddfBn,dce82fb9fd74206ef3fc78e452dc60e8Nl,95bd43b76b27bcc73a58c095c4c35960nQ,1cc40b930be4012a7ac69232e305b1b6OV,dd16ebae4e718c8715a7f8ac7383c1cfxI,481841911f826ae6c429e8032365e075Qo
8a7af4fd913f2e5ab7de57c4b1d940e0nl,682e5efbd87df89c3ffe9e59883b0ad2EY,7686fbb0058706785d7ba01041ef622foZ,b57abdc3a1618084f788b74a442c7169oY,92bca01a6a5572c56087013330ea3d27Gh,08547ebad692c1f0286fb42e8d1a68cfEd
92bca01a6a5572c56087013330ea3d27Gh,08547ebad692c1f0286fb42e8d1a68cfEd,df6a0f0af90824594c229d656c269789Li,19b59537f19a7171e6434596b4cd9517sv,8a7af4fd913f2e5ab7de57c4b1d940e0nl,8b60765122cc0bf734f7170aebc0d565Wj
8f16dfbc744a9f4b42a908e08fa8f091aR,d456b739849fa6312b6abe236d47ff51NL,e0836ba5a81b660d427484f28adcd6a0SR,50aad6fb1fe707fbbab38ee4dcb82aeafD,e75ba3cd97f9c2ad31c92711daa82604mx,1ffb0fe5bf8b13bb774a025726495066gx
682e5efbd87df89c3ffe9e59883b0ad2EY,b57abdc3a1618084f788b74a442c7169oY,8a7af4fd913f2e5ab7de57c4b1d940e0nl,f032dd16d84e869435ab43c30cabe5faau,3507256fe513473bfb5b752ec32967dbXz,b641c6b1b342ef150544480ab3af4f36aB
b036b148c2f31bf2111f893a63c98981Qt,5ac445bf72309dce01eb4c6ec8d5cee8VC,af18de69727a6f4ef25eb79115e877afIO,621cee7b2edf5d49210bae18c12b5003zB,50aad6fb1fe707fbbab38ee4dcb82aeafD,cdd05a502748a3d3dc5d7d2faea0ed9bWE
6bb61a23a3a8b8cb0a3da3a394102e2cnW,ce51c5133a435e38c46ac90111f896aesp,9904020341cefe824be71f68c5c4ab1bWw,874204741cce2c5a4439e449042a6c44ej,dacc8a9150318606286b084ebdeae321PG,eb4523711beb76f635c39145c8b742eatB
2cfa3ce5aca7d2affe1239f1e022639eMv,3e1f8a4ef4af0439a98a788685729e11IS,9e483e0aa193b102b1d1ebce0bd7d21eRK,da7d1b1ce8fde63a5808c65adc6968c9RH,8a6ed1d6ce11578d39635ef008e7cb2fOq,95381b6f6aeb49d14f9c6147296696b0Zn
be633f18e00b5f1f678f07bec3234e36eZ,1b63b51a31dd9fb32363af2c2908c55eCb,25faefeab7ae6c60685c1182076e21dbnP,8702be1dd79bf993290f18a6a1d86cb2Wq,9a969beb27733921fce20a8da065950fAk,cb8ce29b7a27768b50e1e7798ff44a1eph
95bd43b76b27bcc73a58c095c4c35960nQ,a7cee5c26239e7dfa04ae26d26443ddfBn,1cc40b930be4012a7ac69232e305b1b6OV,481841911f826ae6c429e8032365e075Qo,e36ac4b0dc729b8e90a588a26deaa826lF,dd16ebae4e718c8715a7f8ac7383c1cfxI
59e01c01cb9b184fb69d46f2229b1acfqq,7969f7308d37026623e5b5c7d63989ecbE,dc84a6a442632ba1726acbd1ebb5065aVj,1107303ead66d03430a510dee038c7b1uo,59888d403ca807847b4176ae46ee7646zG,43bf2d55983e991b7345103a83743d8cHa
c11146a507f82b62aee9f4b81f6f3223Sy,17a71e76c6f394933201f701f57cbf4fIa,42b8a85e3c53a8b00d8e1de68b430ae2WC,4501597aaa96415766a099d1b4c48fd1cL,197912d000fd1ef402411b6ebe142b37Ji,9bd8a3072d083bf92e47dfcca71a1b9doM
80e6825f182eb3be92b322bae2020303mR,d8128e3cdddf2b2a63a83a8a70a77b7fwM,219ba769655ec6c2ef146e741ffb73aaXc,c140c53ecc5a5ca43286e29edaccf119FP,42adb426132a1d316af4a0b025f92175cW,d62dd7c9543448e50c4f8ad4ff187c60iq
197912d000fd1ef402411b6ebe142b37Ji,1d46faea2fafa0fd9882b1024074a3a9pl,e5edb86b2f4fff1392f1989817ffd63dyx,d30882923b252ded456f5830e734d1efDN,42b8a85e3c53a8b00d8e1de68b430ae2WC,c11146a507f82b62aee9f4b81f6f3223Sy
42adb426132a1d316af4a0b025f92175cW,d8128e3cdddf2b2a63a83a8a70a77b7fwM,5ca013ebf6499639ffb2cfff2f76d7e5DS,88a37fda2536f39ddf6d5abd30cfebb9CH,c140c53ecc5a5ca43286e29edaccf119FP,219ba769655ec6c2ef146e741ffb73aaXc
7af46fd522292098dbc1547e54acff53jn,fa52130717168e514d3aeb571d653d3aIZ,32aaf57ac44954454d2ea8bd80dee594gn,816690b1929ef5208154bbaa919b2ef6Se,19af7de4a8f9a73893833b22361aa8a7Nc,4a6452fc517baf9caa39d31914c235b6oy
14156440739a8b89a103e9ea599ad1faON,4e5532b57d7ed12506377d0521ce8c6aNA,cdd7c7185be165fb07d10c9f17abc2deBP,6831ebb08ba49bf74ce9984483b2aed7DN,8d32b4d89b3145829cd3e57304c480cdQR,e4b66c8e5feb0fd81e843e465815ddddGb
4ff9df277490320fe4944873831ae2d4DW,facd880e03bb80c788839661a808af12iL,311121e441f8c6129383a0e6b10236c0ht,4903ec45380747fb79467f74f6ddba01sx,f444784e0f6e0fde86290b612df012c2wL,517f6dc84533b2a2300e9d75a49244f1JW
3dad8a1b24b25699172780148209a886Bg,a8aeb2abbc05733baccebd10e985e525bg,8b60765122cc0bf734f7170aebc0d565Wj,29394a50387ed592c62e7747bdd26c5afB,40e30e0b8d35171e6c77a0744619b5d1Yc,4e2dacaa2a36579b658329c72d89dc10yI
9b449f0247c4a7691761b4cb5c4941a4uf,9e12f240e482ebf51951cc5a53f7319csS,8abe0e986378d00dd8f9c49debf1a83eNK,2cfa3ce5aca7d2affe1239f1e022639eMv,c3c05664164dc4da9b638c821b59d1adFg,63c630beb7b2f471af699f711207d28aVY
17a71e76c6f394933201f701f57cbf4fIa,c11146a507f82b62aee9f4b81f6f3223Sy,42b8a85e3c53a8b00d8e1de68b430ae2WC,a7d218e40815733871c6e1c70efbaff3SE,d456b739849fa6312b6abe236d47ff51NL,6a2b0c19f3495f883ee9f679365d9d43ch
689b547209c63692901d733967ee5372Jm,ad7952f548831fd18008b7c2eae34f37lV,596fb26f5116f2c30c4ecb08d24300bauc,bb56f5c5075b133c50c45146ed252b24KU,7887c92288600f1109d16f8cd7b3b997yV,40c3ff0a4fa0dd4c9761c7c860864b51zj
9e7a18559cd0da98a851d063ff6c6533FH,02cea68bba1a43edc830836016f99d3chE,621cee7b2edf5d49210bae18c12b5003zB,cdd05a502748a3d3dc5d7d2faea0ed9bWE,f13bbd760e648cd8deead8e337c6308cIh,ec7b93412bfd91c7ef4113fae9f43bbbhG
5ac445bf72309dce01eb4c6ec8d5cee8VC,cdd05a502748a3d3dc5d7d2faea0ed9bWE,ec7b93412bfd91c7ef4113fae9f43bbbhG,d67c554e181aa01e59f1d018ad28940czB,b036b148c2f31bf2111f893a63c98981Qt,b7b03ffc6f8bd9f3c81fcca8bf3d3edbkH
f13bbd760e648cd8deead8e337c6308cIh,9e7a18559cd0da98a851d063ff6c6533FH,5f5849e3941066fb1656fd6b6f78dbebxV,db5788c551f0011d5146a0886f87cc43iF,a1183cb7fcb90ea010e365bba746e2feEO,02cea68bba1a43edc830836016f99d3chE
4b7e2012adae05aa956e30d76cb5a0bexk,5f95337039ebb2bc90206128d7187fbfpi,84dbdf56ea2df1cb575a5e9ade6867f7QS,b2753fda2c112f7b20dd5dd0480b1b97KQ,0f788cd8169f5149bc519e585cf7148bGu,b2ee12a411cbfab4f81ce05ff67464dbOY
40e30e0b8d35171e6c77a0744619b5d1Yc,85147321ee987a08ecab0219478b6607TJ,8b60765122cc0bf734f7170aebc0d565Wj,3dad8a1b24b25699172780148209a886Bg,22c3d9adb5b35d21445fb08689a6295elZ,29394a50387ed592c62e7747bdd26c5afB
e0836ba5a81b660d427484f28adcd6a0SR,8f16dfbc744a9f4b42a908e08fa8f091aR,d456b739849fa6312b6abe236d47ff51NL,c6c55f18b7b1c2f83cb35f18fad3f7ceXE,6a2b0c19f3495f883ee9f679365d9d43ch,c140c53ecc5a5ca43286e29edaccf119FP
bb18b6d7df43d3639bb490493047cd53zp,1b39e7fef258c318daac2cfd408dd150PO,fdbace77ac2748b7d560af868158495dkY,ac9b22069916f60a67155fe25d64b0b2Dh,a700cd2d00afe8a4c9daf3875f9fd159zm,f25e8a552a920ca8fa82486afc675f28ai
42b8a85e3c53a8b00d8e1de68b430ae2WC,9511225a3ca967cf0305209c368ad59dyb,17a71e76c6f394933201f701f57cbf4fIa,c11146a507f82b62aee9f4b81f6f3223Sy,9bd8a3072d083bf92e47dfcca71a1b9doM,e5edb86b2f4fff1392f1989817ffd63dyx
0e7190ace365811a0e2b802bbdd2e56flx,b57abdc3a1618084f788b74a442c7169oY,682e5efbd87df89c3ffe9e59883b0ad2EY,400de1e2481926e947ab938a17fb7989Ms,48fbec9c80fb70f6cbca7e8ed0e31c74gx,8a7af4fd913f2e5ab7de57c4b1d940e0nl
a1183cb7fcb90ea010e365bba746e2feEO,e1ddb0f15ab87b3ccffa8448ce996db5BW,bb806b6da2491f462f28702316fab2d6EL,edc833082cf1211f58470cc35ed4b982fe,d8dc7860ea68b662e17382cc11b53228LI,ae2fb1e9330fd3a5c837a56ccc50294bme
c140c53ecc5a5ca43286e29edaccf119FP,219ba769655ec6c2ef146e741ffb73aaXc,42adb426132a1d316af4a0b025f92175cW,80e6825f182eb3be92b322bae2020303mR,d8128e3cdddf2b2a63a83a8a70a77b7fwM,5ca013ebf6499639ffb2cfff2f76d7e5DS
9904020341cefe824be71f68c5c4ab1bWw,6bb61a23a3a8b8cb0a3da3a394102e2cnW,ce51c5133a435e38c46ac90111f896aesp,874204741cce2c5a4439e449042a6c44ej,eb4523711beb76f635c39145c8b742eatB,dacc8a9150318606286b084ebdeae321PG
5997a66144f3b9d3fdf473cc18ffc785NB,f0b22170d6dc258ebef0e295363ef361uO,44c536b261a42bac87c7503b2f03db67nR,3889039a578d35f654f5681fed008690HT,5af46862b06c5cfbae6b4db4675c85d3RB,a269f269c916a6c3b2c9bb439e7d5af1nF
1ec45c529e72f0e850fa0382999a9171gk,9443d31ea0285c1fd8bb198159440fb5OC,892531e5ea37639f13e557d261b58e0ega,6a2b0c19f3495f883ee9f679365d9d43ch,a8893224fdccd8ab322e266434d54471Lw,219ba769655ec6c2ef146e741ffb73aaXc
f52c5c767c6f83788205d26ce95ecf78qg,9e12f240e482ebf51951cc5a53f7319csS,35bb06b4aafb01340a628aef8066cf06tp,c71ad6ddfcec9c1354286aead0685969fV,c28f6276cf756e5f349e31ae177427ceYv,74d816db8c5988658e0e8eb967b45d91zO
ee27ee0c427d242355491c07e8fa80ddzj,b1f45b13f875c04171e24131e8111cb6sJ,44c536b261a42bac87c7503b2f03db67nR,43bf2d55983e991b7345103a83743d8cHa,d140f4c85b8443afc7b2fafabeb43382rw,061d5a9f8155e19655103d0ae4b76ff0ce
6a095924282c8a7bd299de4c65bdc62bGK,a132e9ec0df354335551ac32de71bf54VC,48088872fd672c02e33cdf191d88f4f3ZU,c02e3f2283fc884b73951a20464246efcQ,92978e6e038ba6f8fe07b305f339b0f0bl,422e306ecc84c742bd1aab21cd80edd2vv
dd2e98c9f488036a4c18ff411ffac2a8Xy,a132e9ec0df354335551ac32de71bf54VC,c02e3f2283fc884b73951a20464246efcQ,0585ac2c56958c9ad1fba246cefef5bcvJ,af0004bd8da6280f5022c07a20904134tK,7287ce81975d16dd82912b32253347e2mH
9a969beb27733921fce20a8da065950fAk,43bf2d55983e991b7345103a83743d8cHa,ee27ee0c427d242355491c07e8fa80ddzj,4eea315c818001525971d787f542772flE,b1f45b13f875c04171e24131e8111cb6sJ,d0c124116faa683d8a841994e83209ddsU
a452115cc743d0d875eeb5b1fc682103dQ,eb4523711beb76f635c39145c8b742eatB,f5e103833210e3c62b503e9266a47169SF,95381b6f6aeb49d14f9c6147296696b0Zn,4c7b60bc03f13ea8afaa39797e53903caq,db49f52acce7087267b6b26cfa809d21Vl
eb4523711beb76f635c39145c8b742eatB,a452115cc743d0d875eeb5b1fc682103dQ,9904020341cefe824be71f68c5c4ab1bWw,6bb61a23a3a8b8cb0a3da3a394102e2cnW,8f8867acfd6bce155a4a6b844d1e9e81Qb,d0da19ff39ee8220dc61da0e53292408hK
c226e474779045aae779b77b74d99a05UR,2cfa3ce5aca7d2affe1239f1e022639eMv,57096dcfbdfaff0e9efcb73c1b92c954fF,48088872fd672c02e33cdf191d88f4f3ZU,d0fe6ae336c11016ec02266f5384ca2fKS,bd163eebddb3467a8607492b3aa21ebfTq
35bb06b4aafb01340a628aef8066cf06tp,c28f6276cf756e5f349e31ae177427ceYv,c71ad6ddfcec9c1354286aead0685969fV,689b547209c63692901d733967ee5372Jm,c874e6878581ed6ab9dc0e3d24389b30tw,2495fdc29eba330bbd63e525674cc9d8vS
44c536b261a42bac87c7503b2f03db67nR,ee27ee0c427d242355491c07e8fa80ddzj,061d5a9f8155e19655103d0ae4b76ff0ce,43bf2d55983e991b7345103a83743d8cHa,b1f45b13f875c04171e24131e8111cb6sJ,5997a66144f3b9d3fdf473cc18ffc785NB
af0004bd8da6280f5022c07a20904134tK,1dafd951a02a669de3fc947a23e1ee24MX,eb495685cae482e3e434f97166eabbc9Zz,fdbace77ac2748b7d560af868158495dkY,1b39e7fef258c318daac2cfd408dd150PO,7287ce81975d16dd82912b32253347e2mH
e36ac4b0dc729b8e90a588a26deaa826lF,481841911f826ae6c429e8032365e075Qo,0f6f1289a8da7b666c50341d261faa9dBd,95bd43b76b27bcc73a58c095c4c35960nQ,a7cee5c26239e7dfa04ae26d26443ddfBn,dce82fb9fd74206ef3fc78e452dc60e8Nl
21eaff5aa22d23225562d13b4c0e248dgE,4eea315c818001525971d787f542772flE,f5f90482f4a9a35d26dffd58b108c52ctB,25faefeab7ae6c60685c1182076e21dbnP,9a969beb27733921fce20a8da065950fAk,be633f18e00b5f1f678f07bec3234e36eZ
e1ddb0f15ab87b3ccffa8448ce996db5BW,edc833082cf1211f58470cc35ed4b982fe,bb806b6da2491f462f28702316fab2d6EL,a1183cb7fcb90ea010e365bba746e2feEO,32aaf57ac44954454d2ea8bd80dee594gn,89b2ab9363981f41a573ca5a91348f87nS
1b39e7fef258c318daac2cfd408dd150PO,bb18b6d7df43d3639bb490493047cd53zp,f25e8a552a920ca8fa82486afc675f28ai,eb495685cae482e3e434f97166eabbc9Zz,a700cd2d00afe8a4c9daf3875f9fd159zm,fdbace77ac2748b7d560af868158495dkY
777f4c048f35e55dca47b31889b0402fYG,f4d163a8c601f529869974551adfefc8PY,aa652d7b7d765754921ab83e94b0230eez,27f47548bbd20caa944a21950bb3fbb7pq,c820c6793d4067678ebd6784c6f768d6ef,65912f564acd57a1aa8f7a784225ee5bPN
481841911f826ae6c429e8032365e075Qo,e36ac4b0dc729b8e90a588a26deaa826lF,95bd43b76b27bcc73a58c095c4c35960nQ,a7cee5c26239e7dfa04ae26d26443ddfBn,7a4bd62bf5cfb34840fd730f6aafaa7dNM,0f6f1289a8da7b666c50341d261faa9dBd
c8f9d1b31ad0c5323df75bc3c169a951OS,6c83d50fd093d004a23284c673e2bf45Zw,f0618fc1e2b0da19ea756efb0606d96fbj,02cea68bba1a43edc830836016f99d3chE,da5b59bd382fef28c074fa775fcde84dKZ,df25af9b3490d9a57db263dfa308c5abDG
39312de6b4da971b49a69a7695fbd332hH,2cec1d3b7a37c4125550de415d8dd046lj,026775d1dfdf605833c846b408ab364bkz,40e30e0b8d35171e6c77a0744619b5d1Yc,22c3d9adb5b35d21445fb08689a6295elZ,8b60765122cc0bf734f7170aebc0d565Wj
7969f7308d37026623e5b5c7d63989ecbE,59e01c01cb9b184fb69d46f2229b1acfqq,1107303ead66d03430a510dee038c7b1uo,5af46862b06c5cfbae6b4db4675c85d3RB,59888d403ca807847b4176ae46ee7646zG,f0b22170d6dc258ebef0e295363ef361uO
ff9ada9eda56551c51c28e9e2f9bf8a0yP,400de1e2481926e947ab938a17fb7989Ms,5af46862b06c5cfbae6b4db4675c85d3RB,0e7190ace365811a0e2b802bbdd2e56flx,f0b22170d6dc258ebef0e295363ef361uO,5c98eec200d2c641c05c2a272576175ddv
d30882923b252ded456f5830e734d1efDN,517f6dc84533b2a2300e9d75a49244f1JW,2b9f71dbd9a6431079fcf2eeb14115e4vK,481841911f826ae6c429e8032365e075Qo,1d46faea2fafa0fd9882b1024074a3a9pl,5ffeb97e689cdf3fb3c9be1bb3336d07ks
b641c6b1b342ef150544480ab3af4f36aB,7686fbb0058706785d7ba01041ef622foZ,ac9b22069916f60a67155fe25d64b0b2Dh,f25e8a552a920ca8fa82486afc675f28ai,682e5efbd87df89c3ffe9e59883b0ad2EY,8a7af4fd913f2e5ab7de57c4b1d940e0nl
dc84a6a442632ba1726acbd1ebb5065aVj,85d34934b2f4280ebc6a9bc612472c65yE,59e01c01cb9b184fb69d46f2229b1acfqq,dff1ffb5366631a811bd664283a115a3hl,5af46862b06c5cfbae6b4db4675c85d3RB,59888d403ca807847b4176ae46ee7646zG
400de1e2481926e947ab938a17fb7989Ms,0e7190ace365811a0e2b802bbdd2e56flx,48fbec9c80fb70f6cbca7e8ed0e31c74gx,ff9ada9eda56551c51c28e9e2f9bf8a0yP,b1beb22fb8c4aa4d07cc7c70a44b92d1WJ,f032dd16d84e869435ab43c30cabe5faau
f25e8a552a920ca8fa82486afc675f28ai,1b39e7fef258c318daac2cfd408dd150PO,ac9b22069916f60a67155fe25d64b0b2Dh,b641c6b1b342ef150544480ab3af4f36aB,eb495685cae482e3e434f97166eabbc9Zz,bb18b6d7df43d3639bb490493047cd53zp
eb495685cae482e3e434f97166eabbc9Zz,1b39e7fef258c318daac2cfd408dd150PO,f25e8a552a920ca8fa82486afc675f28ai,bb18b6d7df43d3639bb490493047cd53zp,af0004bd8da6280f5022c07a20904134tK,fdbace77ac2748b7d560af868158495dkY
c71ad6ddfcec9c1354286aead0685969fV,35bb06b4aafb01340a628aef8066cf06tp,c28f6276cf756e5f349e31ae177427ceYv,f52c5c767c6f83788205d26ce95ecf78qg,edb8f555c04b654d9b005d76b63ffc76rZ,c874e6878581ed6ab9dc0e3d24389b30tw
5a37f30febe66bc874d0733863f56525zk,d262f4532834aa4c1de1b8ad05868d27tS,f0628b38f9f7a83a26dca6e51fdf8f9fGo,2d46d43a4b5208d781313e73ceb73f9aTP,eb4523711beb76f635c39145c8b742eatB,9904020341cefe824be71f68c5c4ab1bWw
4a6452fc517baf9caa39d31914c235b6oy,f0d15e9b5276c84b007b1fe21da273a7GJ,816690b1929ef5208154bbaa919b2ef6Se,89b2ab9363981f41a573ca5a91348f87nS,4297a05b9bd4ed931d50cff51cde02fbeN,19af7de4a8f9a73893833b22361aa8a7Nc
5af46862b06c5cfbae6b4db4675c85d3RB,59888d403ca807847b4176ae46ee7646zG,f0b22170d6dc258ebef0e295363ef361uO,7969f7308d37026623e5b5c7d63989ecbE,5997a66144f3b9d3fdf473cc18ffc785NB,dc84a6a442632ba1726acbd1ebb5065aVj
4eea315c818001525971d787f542772flE,21eaff5aa22d23225562d13b4c0e248dgE,f5f90482f4a9a35d26dffd58b108c52ctB,43bf2d55983e991b7345103a83743d8cHa,9a969beb27733921fce20a8da065950fAk,d51bb63c51c94dec44aea7e06c4258b9fp
a2a7769f3389c0953f752a68764bd61eRe,91379a078218e7a02f89fd9677cce46cnM,c8f9d1b31ad0c5323df75bc3c169a951OS,d62dd7c9543448e50c4f8ad4ff187c60iq,a4dda4312c91a691dc2ac8de9fb23ae9lx,273fbe2a8850ff52ee5bb047a66f2fb3Oi
a7d218e40815733871c6e1c70efbaff3SE,17a71e76c6f394933201f701f57cbf4fIa,6a2b0c19f3495f883ee9f679365d9d43ch,d456b739849fa6312b6abe236d47ff51NL,d4e8ee4d6efc1848022b35c7a9eed5d8gp,4c85da138b57322843392ae14d195e6dKl
fe2f46167b107413f778865ed496791dkk,3f8a23f817ba0bc38f071c1f282e0804Mo,ac93b858b8fefad947bfa03f98cebd6ayL,8487749a1fbde1b589d9f3ad3de7512cHC,fbb6de5bc974d4ca77f40f5e3c5023a5TK,4e2dacaa2a36579b658329c72d89dc10yI
e33f218ba0d0da5c57de01f3d44f5b0deF,db5788c551f0011d5146a0886f87cc43iF,b7b93cf0ec68b1f4229b698fa016af1dxW,8172dcd092823879da9582d493b4356acf,fddf7e51a8d34c6aad17c0dc80ae31ccGq,621cee7b2edf5d49210bae18c12b5003zB
dacc8a9150318606286b084ebdeae321PG,0a4f17d16aa014717b3ba30a36822757nM,91181f4ef85bea30277ac25598e2f54bLq,4453098dc5a579d22f79dcb867e8f91eNF,ce51c5133a435e38c46ac90111f896aesp,5ddcf5a1c02d5ea1141548fac86f9213DX
14f24cefe18ea26c8f0b243a0e5dfcd3GC,27f47548bbd20caa944a21950bb3fbb7pq,91d7403db81848e29384da9baa70a2aaEe,36e00f745262bab1c9a252f14f173046Ry,4bc00598816dde4a3fc702cc3499d0a4oS,0fb3473e60baaeea5209382da43842c7wD
0585ac2c56958c9ad1fba246cefef5bcvJ,7287ce81975d16dd82912b32253347e2mH,dd2e98c9f488036a4c18ff411ffac2a8Xy,f516b16a5d5bfd68a06ec5756a7e0f90XB,82f6961ef2ab947c94e9df0c9c6f04b0fh,48088872fd672c02e33cdf191d88f4f3ZU
af18de69727a6f4ef25eb79115e877afIO,b036b148c2f31bf2111f893a63c98981Qt,8f16dfbc744a9f4b42a908e08fa8f091aR,d456b739849fa6312b6abe236d47ff51NL,50aad6fb1fe707fbbab38ee4dcb82aeafD,07be0b2bf62207bd9e861534e5e53168sg
ac9b22069916f60a67155fe25d64b0b2Dh,b641c6b1b342ef150544480ab3af4f36aB,f25e8a552a920ca8fa82486afc675f28ai,bb18b6d7df43d3639bb490493047cd53zp,8f04d8848cac7f7e98164c48450e6ea9Ie,b1beb22fb8c4aa4d07cc7c70a44b92d1WJ
1dafd951a02a669de3fc947a23e1ee24MX,af0004bd8da6280f5022c07a20904134tK,7287ce81975d16dd82912b32253347e2mH,fdbace77ac2748b7d560af868158495dkY,eb495685cae482e3e434f97166eabbc9Zz,bb18b6d7df43d3639bb490493047cd53zp
4122c5b92b0893b9c4be6b525c85c0ccWD,8dcce882b7d348c6a3e2788c8f557513vy,65709760e0dd19e7f4147c87c30e3055wd,e943d3ee1527a1aba19d6537d387d320wn,e670b5d6e3d4f8731d989d40e8faa051yi,fc3e3bb54160df0ce6c7719389bd8976aT
28af192025130fefa197ce797b6a20b7Da,48fbec9c80fb70f6cbca7e8ed0e31c74gx,2cec1d3b7a37c4125550de415d8dd046lj,8f04d8848cac7f7e98164c48450e6ea9Ie,19b59537f19a7171e6434596b4cd9517sv,567dc1ba34c0a3c5cfb491bd0b1571c1jw
43bf2d55983e991b7345103a83743d8cHa,ee27ee0c427d242355491c07e8fa80ddzj,b1f45b13f875c04171e24131e8111cb6sJ,44c536b261a42bac87c7503b2f03db67nR,9a969beb27733921fce20a8da065950fAk,e5c4d9d58fb2864354feedfe68240a06GR
89b2ab9363981f41a573ca5a91348f87nS,4a6452fc517baf9caa39d31914c235b6oy,19af7de4a8f9a73893833b22361aa8a7Nc,330b46620f43baf6a3506b9c8a429357ux,32aaf57ac44954454d2ea8bd80dee594gn,fa52130717168e514d3aeb571d653d3aIZ
ec7b93412bfd91c7ef4113fae9f43bbbhG,5ac445bf72309dce01eb4c6ec8d5cee8VC,cdd05a502748a3d3dc5d7d2faea0ed9bWE,3b3a3a0a692d7e19f03e60e4568afb4cCc,da5b59bd382fef28c074fa775fcde84dKZ,02e22012bd6fdd7415a80c2da954d8f0hL
5d57d2c8344c7375396aa7186ce8b0d2iv,07288c300c08b5cb6c3531b237493963mm,04c26f94437c683d665b894696218457go,9e5aa7a6b8911e79c007502a5e685126Lj,6474d624277270c6c57a8e7d1177cacdtQ,efd693497548186ca15b6cd051804c32UX
d0c124116faa683d8a841994e83209ddsU,cb08f1244ac9c6a9229a554aa3b87dd3bz,9a969beb27733921fce20a8da065950fAk,9e5aa7a6b8911e79c007502a5e685126Lj,07288c300c08b5cb6c3531b237493963mm,74d816db8c5988658e0e8eb967b45d91zO
bb806b6da2491f462f28702316fab2d6EL,edc833082cf1211f58470cc35ed4b982fe,e1ddb0f15ab87b3ccffa8448ce996db5BW,a1183cb7fcb90ea010e365bba746e2feEO,32aaf57ac44954454d2ea8bd80dee594gn,330b46620f43baf6a3506b9c8a429357ux
48088872fd672c02e33cdf191d88f4f3ZU,bd163eebddb3467a8607492b3aa21ebfTq,c226e474779045aae779b77b74d99a05UR,422e306ecc84c742bd1aab21cd80edd2vv,a132e9ec0df354335551ac32de71bf54VC,d0fe6ae336c11016ec02266f5384ca2fKS
1b63b51a31dd9fb32363af2c2908c55eCb,be633f18e00b5f1f678f07bec3234e36eZ,8702be1dd79bf993290f18a6a1d86cb2Wq,25faefeab7ae6c60685c1182076e21dbnP,cb8ce29b7a27768b50e1e7798ff44a1eph,66661b7097e69a7338f0531c79d8d90cCs
db5788c551f0011d5146a0886f87cc43iF,b7b93cf0ec68b1f4229b698fa016af1dxW,5f5849e3941066fb1656fd6b6f78dbebxV,e33f218ba0d0da5c57de01f3d44f5b0deF,b81299ba4af58ca99d93d320f67e4ac1ak,a277e795be8b52b5b899419dbaadf77fXg
567dc1ba34c0a3c5cfb491bd0b1571c1jw,8f04d8848cac7f7e98164c48450e6ea9Ie,57b4fbaa837986c723ebdc6944b2a4aeWU,161c5d477dc983b7625e0e1efeb6734bwE,48fbec9c80fb70f6cbca7e8ed0e31c74gx,28af192025130fefa197ce797b6a20b7Da
db49f52acce7087267b6b26cfa809d21Vl,4b7e2012adae05aa956e30d76cb5a0bexk,78758734641d5af094759e0193cc1b8bEU,a452115cc743d0d875eeb5b1fc682103dQ,6bb61a23a3a8b8cb0a3da3a394102e2cnW,874204741cce2c5a4439e449042a6c44ej
27f47548bbd20caa944a21950bb3fbb7pq,14f24cefe18ea26c8f0b243a0e5dfcd3GC,91d7403db81848e29384da9baa70a2aaEe,36e00f745262bab1c9a252f14f173046Ry,051ec5f0a1a024a25ac9c2707fba6f78Pg,0fb3473e60baaeea5209382da43842c7wD
b92201249a23132e0f7daa3129407742te,701ade4d30eb82394acd625c6f6fc007hi,32aaf57ac44954454d2ea8bd80dee594gn,78758734641d5af094759e0193cc1b8bEU,f0d15e9b5276c84b007b1fe21da273a7GJ,330b46620f43baf6a3506b9c8a429357ux
7a4bd62bf5cfb34840fd730f6aafaa7dNM,7887c92288600f1109d16f8cd7b3b997yV,c874e6878581ed6ab9dc0e3d24389b30tw,c45bfa7623a8673efae1e4741e7b7680mE,bb56f5c5075b133c50c45146ed252b24KU,40c3ff0a4fa0dd4c9761c7c860864b51zj
547281a2f028769dd62d9dfe415e2abfNt,5ffeb97e689cdf3fb3c9be1bb3336d07ks,d36a17b71e0b1d407c632cfd9bbd0fefjh,1b630a56b891fb187d5a5b4d4b4c8ab0bV,9bd8a3072d083bf92e47dfcca71a1b9doM,07be0b2bf62207bd9e861534e5e53168sg
8f04d8848cac7f7e98164c48450e6ea9Ie,567dc1ba34c0a3c5cfb491bd0b1571c1jw,161c5d477dc983b7625e0e1efeb6734bwE,48fbec9c80fb70f6cbca7e8ed0e31c74gx,b1beb22fb8c4aa4d07cc7c70a44b92d1WJ,ac9b22069916f60a67155fe25d64b0b2Dh
330b46620f43baf6a3506b9c8a429357ux,89b2ab9363981f41a573ca5a91348f87nS,8f8867acfd6bce155a4a6b844d1e9e81Qb,c7ee0bcc9818e9b7fccd5cfb8f3ef69fZm,32aaf57ac44954454d2ea8bd80dee594gn,011a268da4d8fc2ef53e28ef15709ae2lD
8dcce882b7d348c6a3e2788c8f557513vy,e670b5d6e3d4f8731d989d40e8faa051yi,4122c5b92b0893b9c4be6b525c85c0ccWD,65709760e0dd19e7f4147c87c30e3055wd,fc3e3bb54160df0ce6c7719389bd8976aT,bede4eeee09d1afdc59e792a304f6530Xi
2cec1d3b7a37c4125550de415d8dd046lj,026775d1dfdf605833c846b408ab364bkz,39312de6b4da971b49a69a7695fbd332hH,df6a0f0af90824594c229d656c269789Li,40e30e0b8d35171e6c77a0744619b5d1Yc,8b60765122cc0bf734f7170aebc0d565Wj
edb8f555c04b654d9b005d76b63ffc76rZ,40c3ff0a4fa0dd4c9761c7c860864b51zj,c874e6878581ed6ab9dc0e3d24389b30tw,7a4bd62bf5cfb34840fd730f6aafaa7dNM,7887c92288600f1109d16f8cd7b3b997yV,689b547209c63692901d733967ee5372Jm
f0b22170d6dc258ebef0e295363ef361uO,5997a66144f3b9d3fdf473cc18ffc785NB,5af46862b06c5cfbae6b4db4675c85d3RB,3b1198b8180a7dca7d0c2b7d99e71ce6ga,14f24cefe18ea26c8f0b243a0e5dfcd3GC,268313cf43a6143c47f0311712acfb0eEh
92978e6e038ba6f8fe07b305f339b0f0bl,25faefeab7ae6c60685c1182076e21dbnP,66661b7097e69a7338f0531c79d8d90cCs,080c3215af26a8fb957deb3adeda269fxk,be633f18e00b5f1f678f07bec3234e36eZ,1b63b51a31dd9fb32363af2c2908c55eCb
01f32a0ce6c8116547df9fefd863bf53nV,6c83d50fd093d004a23284c673e2bf45Zw,f0618fc1e2b0da19ea756efb0606d96fbj,2c3b541d3885464627226305b45804edvG,f0d15e9b5276c84b007b1fe21da273a7GJ,816690b1929ef5208154bbaa919b2ef6Se
07288c300c08b5cb6c3531b237493963mm,04c26f94437c683d665b894696218457go,5d57d2c8344c7375396aa7186ce8b0d2iv,9e5aa7a6b8911e79c007502a5e685126Lj,024f9378244c77afb342d162dec5242eNG,efd693497548186ca15b6cd051804c32UX
0f5aca04bed240db7aa1c5ad77225b86Bg,5b43e275bb223ae7bee9808b618a3467ws,631a9ba8a33a19b1a2f6905c7714db75Jb,5f95337039ebb2bc90206128d7187fbfpi,4b7e2012adae05aa956e30d76cb5a0bexk,ab15415f67808a17b97f8ce7c09c046fQB
4bc00598816dde4a3fc702cc3499d0a4oS,14f24cefe18ea26c8f0b243a0e5dfcd3GC,3507256fe513473bfb5b752ec32967dbXz,8732fb0b6fb60674681c48be91e88053LD,b57abdc3a1618084f788b74a442c7169oY,f0b22170d6dc258ebef0e295363ef361uO
65709760e0dd19e7f4147c87c30e3055wd,8dcce882b7d348c6a3e2788c8f557513vy,4122c5b92b0893b9c4be6b525c85c0ccWD,816690b1929ef5208154bbaa919b2ef6Se,4297a05b9bd4ed931d50cff51cde02fbeN,2c3b541d3885464627226305b45804edvG
74d816db8c5988658e0e8eb967b45d91zO,de793dd4e5f17df6dd0882af21e67c8fOZ,77cd192db683a5e31ae9dfcbc1ece960rE,6ecc6aa282f767438de221c5bd362cfccW,119a7eb24b555d2b311d2e5b9c7ad3c2Mx,d0c124116faa683d8a841994e83209ddsU
4c7b60bc03f13ea8afaa39797e53903caq,95381b6f6aeb49d14f9c6147296696b0Zn,a452115cc743d0d875eeb5b1fc682103dQ,9f8c93e79b3b6b937ba53304f4c66c56NZ,eb4523711beb76f635c39145c8b742eatB,822e4f76ab4e672856c5633a95b4d665uI
080c3215af26a8fb957deb3adeda269fxk,82244aa4a582799cec1d24a8dc46e27dFT,f259ba5ebbd84567d1a85ae6dabfebf7Yn,27839c7e34ae4b3c0008dc0f38bed312HO,79977d206c55c53546e52e9a1e8f9c14qP,14048d07f6236aea0f8b7b390d680e7blh
e943d3ee1527a1aba19d6537d387d320wn,4122c5b92b0893b9c4be6b525c85c0ccWD,7485582af61cfa3f3efc9fb097cbe4c5uN,8dcce882b7d348c6a3e2788c8f557513vy,bc06e4cf4937d73282ccc36f22daa029yi,dacc8a9150318606286b084ebdeae321PG
7887c92288600f1109d16f8cd7b3b997yV,7a4bd62bf5cfb34840fd730f6aafaa7dNM,40c3ff0a4fa0dd4c9761c7c860864b51zj,c45bfa7623a8673efae1e4741e7b7680mE,689b547209c63692901d733967ee5372Jm,bb56f5c5075b133c50c45146ed252b24KU
874204741cce2c5a4439e449042a6c44ej,6bb61a23a3a8b8cb0a3da3a394102e2cnW,dc46a9f8e707da98ecc9f75c5d8412f6ig,ce51c5133a435e38c46ac90111f896aesp,9904020341cefe824be71f68c5c4ab1bWw,1b22c298fa2b490c53eb1f45271748b9Zn
f0628b38f9f7a83a26dca6e51fdf8f9fGo,2d46d43a4b5208d781313e73ceb73f9aTP,5a37f30febe66bc874d0733863f56525zk,22c1125e6abc9718b478d8c7b3681d90so,b6a93ccfea83d3398c0bb9ebbfe90dcfrd,8172dcd092823879da9582d493b4356acf
85d34934b2f4280ebc6a9bc612472c65yE,dc84a6a442632ba1726acbd1ebb5065aVj,dff1ffb5366631a811bd664283a115a3hl,f195059b1e3b1ced1d42b17b35ab6fa8os,157e8af86d46541d5e713444ef480c99wB,59e01c01cb9b184fb69d46f2229b1acfqq
2c43e423463de9ebcc2b3e859a17b8b7Lv,66661b7097e69a7338f0531c79d8d90cCs,cb08f1244ac9c6a9229a554aa3b87dd3bz,8702be1dd79bf993290f18a6a1d86cb2Wq,1b63b51a31dd9fb32363af2c2908c55eCb,be633f18e00b5f1f678f07bec3234e36eZ
c45bfa7623a8673efae1e4741e7b7680mE,7887c92288600f1109d16f8cd7b3b997yV,7a4bd62bf5cfb34840fd730f6aafaa7dNM,a7cee5c26239e7dfa04ae26d26443ddfBn,bb56f5c5075b133c50c45146ed252b24KU,dce82fb9fd74206ef3fc78e452dc60e8Nl
e670b5d6e3d4f8731d989d40e8faa051yi,8dcce882b7d348c6a3e2788c8f557513vy,fc3e3bb54160df0ce6c7719389bd8976aT,89630e36c7ab7a028bc29303e644e42azl,f4f9a202a6b410f27f4f6371549a0886KP,6292a42c05f74c711d56841848419638XR
2d46d43a4b5208d781313e73ceb73f9aTP,f0628b38f9f7a83a26dca6e51fdf8f9fGo,22c1125e6abc9718b478d8c7b3681d90so,5a37f30febe66bc874d0733863f56525zk,b6a93ccfea83d3398c0bb9ebbfe90dcfrd,0ec402579ef6d7c3defa2499abfd8ccfDJ
a700cd2d00afe8a4c9daf3875f9fd159zm,bb18b6d7df43d3639bb490493047cd53zp,1b39e7fef258c318daac2cfd408dd150PO,ac9b22069916f60a67155fe25d64b0b2Dh,f25e8a552a920ca8fa82486afc675f28ai,fdbace77ac2748b7d560af868158495dkY
8f8867acfd6bce155a4a6b844d1e9e81Qb,91a4ec53e731f9b89fdcee9dc227aa20jO,d0da19ff39ee8220dc61da0e53292408hK,330b46620f43baf6a3506b9c8a429357ux,f56bf4f74c36a425cafee9aca91eeb7cWC,6292a42c05f74c711d56841848419638XR
b7b93cf0ec68b1f4229b698fa016af1dxW,db5788c551f0011d5146a0886f87cc43iF,e33f218ba0d0da5c57de01f3d44f5b0deF,8172dcd092823879da9582d493b4356acf,b81299ba4af58ca99d93d320f67e4ac1ak,eb4523711beb76f635c39145c8b742eatB
25faefeab7ae6c60685c1182076e21dbnP,92978e6e038ba6f8fe07b305f339b0f0bl,66661b7097e69a7338f0531c79d8d90cCs,be633f18e00b5f1f678f07bec3234e36eZ,21eaff5aa22d23225562d13b4c0e248dgE,8702be1dd79bf993290f18a6a1d86cb2Wq
fa52130717168e514d3aeb571d653d3aIZ,19af7de4a8f9a73893833b22361aa8a7Nc,6ece17e46e0d1a31727ea99836a6112crO,89b2ab9363981f41a573ca5a91348f87nS,4297a05b9bd4ed931d50cff51cde02fbeN,60681dbe4e4b3156c51b9d0e6c9f25a8Yv
a8aeb2abbc05733baccebd10e985e525bg,3dad8a1b24b25699172780148209a886Bg,8b60765122cc0bf734f7170aebc0d565Wj,ad7952f548831fd18008b7c2eae34f37lV,40e30e0b8d35171e6c77a0744619b5d1Yc,050716a1e3496566de850636d9e7eb8dUa
37a99b95cbb8be90324a718370821d34UC,e5edb86b2f4fff1392f1989817ffd63dyx,17cff86ff83d0be13e8b2b0bd47cb204fq,1d46faea2fafa0fd9882b1024074a3a9pl,197912d000fd1ef402411b6ebe142b37Ji,42b8a85e3c53a8b00d8e1de68b430ae2WC
0f6f1289a8da7b666c50341d261faa9dBd,e36ac4b0dc729b8e90a588a26deaa826lF,fb25fbffa1f91cafad33f598bc5e26daCT,481841911f826ae6c429e8032365e075Qo,95bd43b76b27bcc73a58c095c4c35960nQ,a7cee5c26239e7dfa04ae26d26443ddfBn
59888d403ca807847b4176ae46ee7646zG,5af46862b06c5cfbae6b4db4675c85d3RB,59e01c01cb9b184fb69d46f2229b1acfqq,7969f7308d37026623e5b5c7d63989ecbE,3b1198b8180a7dca7d0c2b7d99e71ce6ga,50c71c3ccff7ca9824fb8c5e174058deFo
22c3d9adb5b35d21445fb08689a6295elZ,40e30e0b8d35171e6c77a0744619b5d1Yc,8b60765122cc0bf734f7170aebc0d565Wj,85147321ee987a08ecab0219478b6607TJ,29394a50387ed592c62e7747bdd26c5afB,3dad8a1b24b25699172780148209a886Bg
b1f45b13f875c04171e24131e8111cb6sJ,ee27ee0c427d242355491c07e8fa80ddzj,43bf2d55983e991b7345103a83743d8cHa,061d5a9f8155e19655103d0ae4b76ff0ce,44c536b261a42bac87c7503b2f03db67nR,e5c4d9d58fb2864354feedfe68240a06GR
15052a8419b2cec36a84a19a6019d577Md,c226e474779045aae779b77b74d99a05UR,2cfa3ce5aca7d2affe1239f1e022639eMv,154c78b05d834f84601bd05a7ac4a333Wh,822e4f76ab4e672856c5633a95b4d665uI,9b449f0247c4a7691761b4cb5c4941a4uf
7d3783d923cab44fde9a8d0fe8aa7570DN,786c1b4bc1ed4470202252160b0d91aand,1aa6a0d7dabd9cabfe3c9508d94196e3js,d0da19ff39ee8220dc61da0e53292408hK,9ffce4f0dc9ae612440c248b819357dfQV,dec9b196447c51b4c07062aa9a8b796cPo
b1beb22fb8c4aa4d07cc7c70a44b92d1WJ,161c5d477dc983b7625e0e1efeb6734bwE,8f04d8848cac7f7e98164c48450e6ea9Ie,ac9b22069916f60a67155fe25d64b0b2Dh,48fbec9c80fb70f6cbca7e8ed0e31c74gx,57b4fbaa837986c723ebdc6944b2a4aeWU
40c3ff0a4fa0dd4c9761c7c860864b51zj,edb8f555c04b654d9b005d76b63ffc76rZ,7887c92288600f1109d16f8cd7b3b997yV,689b547209c63692901d733967ee5372Jm,7a4bd62bf5cfb34840fd730f6aafaa7dNM,7ae5b6236ba401270599c65d8d71005cer
0a4f17d16aa014717b3ba30a36822757nM,91181f4ef85bea30277ac25598e2f54bLq,5ddcf5a1c02d5ea1141548fac86f9213DX,4f69ee35bb3ceaf10106e4f0f84653d7vN,4453098dc5a579d22f79dcb867e8f91eNF,dacc8a9150318606286b084ebdeae321PG
8cc9f45b668162ac01ad5832a4adb7c0Uv,6c83d50fd093d004a23284c673e2bf45Zw,01f32a0ce6c8116547df9fefd863bf53nV,237bcae2ff458a8dff118fdf36dc6aa4et,29394a50387ed592c62e7747bdd26c5afB,9dea1b4383b606a3dda35b4124fb0928Ds
e5edb86b2f4fff1392f1989817ffd63dyx,37a99b95cbb8be90324a718370821d34UC,1d46faea2fafa0fd9882b1024074a3a9pl,197912d000fd1ef402411b6ebe142b37Ji,17cff86ff83d0be13e8b2b0bd47cb204fq,42b8a85e3c53a8b00d8e1de68b430ae2WC
25680dd3947dd8ec03408b960bf0e6b0oR,b7124e28050d22974fc8ea5cc61b8ad1id,2353f38140101e24cfd9dec496a20de8Ac,86e6a9bbf79ee9c5f364b66d9bdec44bSh,68105aa5dc63d012233efcf487c48eb3Pu,c7ee0bcc9818e9b7fccd5cfb8f3ef69fZm
82f6961ef2ab947c94e9df0c9c6f04b0fh,38547f9bddd9d80ddf2df48e9fe98635mK,95f4679308269999bfdc603572edcddfyW,e1e9819f76f81ce70231555ce6e1064cru,262bf246648d2ce6afdbb1658d3d2c45Uv,f516b16a5d5bfd68a06ec5756a7e0f90XB
edc833082cf1211f58470cc35ed4b982fe,bb806b6da2491f462f28702316fab2d6EL,e1ddb0f15ab87b3ccffa8448ce996db5BW,e88bbb945a5fb4cd37d75e55fc73fbabip,a1183cb7fcb90ea010e365bba746e2feEO,89b2ab9363981f41a573ca5a91348f87nS
f516b16a5d5bfd68a06ec5756a7e0f90XB,ee27ee0c427d242355491c07e8fa80ddzj,f50b2e42b64fb3e2d1f36f10f0c6042bTH,44c536b261a42bac87c7503b2f03db67nR,b1f45b13f875c04171e24131e8111cb6sJ,d140f4c85b8443afc7b2fafabeb43382rw
e645392e73d91a41a9c37129da1ad0dbUx,689b547209c63692901d733967ee5372Jm,ad7952f548831fd18008b7c2eae34f37lV,a8aeb2abbc05733baccebd10e985e525bg,7887c92288600f1109d16f8cd7b3b997yV,40c3ff0a4fa0dd4c9761c7c860864b51zj
822e4f76ab4e672856c5633a95b4d665uI,9f8c93e79b3b6b937ba53304f4c66c56NZ,4c7b60bc03f13ea8afaa39797e53903caq,17d92f449d2348fccc5f14d53b1ffc90iU,5b4ac6eb78ba7d3ff792a81d18b44408Ko,c99041219e873c2c09c72d92f365f345dg
262bf246648d2ce6afdbb1658d3d2c45Uv,112a1fd33aa17f13990ba6bbfeddc4c7Fj,15d3753085d386f193e30f663a2137a2iY,82bbde9bcdca9863ac8f2cdb01663682Lo,3069b959214566c82505cad16f88509ecQ,82f6961ef2ab947c94e9df0c9c6f04b0fh
17cff86ff83d0be13e8b2b0bd47cb204fq,37a99b95cbb8be90324a718370821d34UC,e5edb86b2f4fff1392f1989817ffd63dyx,421efe1e059670c302f3fe2aacb8ce08rN,9511225a3ca967cf0305209c368ad59dyb,1d46faea2fafa0fd9882b1024074a3a9pl
96877db8faf683c2c963b96d6f3d7541RS,eb2a7b3d4d04edc8bb4cf79c902e2443Ur,8311e8d65b9678dfec8638ee7923c8f1ZE,7fff29e742af07dc2762cdcda4608467MO,e0836ba5a81b660d427484f28adcd6a0SR,94e0442b9e2d7d5cd3450bc08a788375VJ
66661b7097e69a7338f0531c79d8d90cCs,25faefeab7ae6c60685c1182076e21dbnP,8702be1dd79bf993290f18a6a1d86cb2Wq,2c43e423463de9ebcc2b3e859a17b8b7Lv,9a969beb27733921fce20a8da065950fAk,b1f45b13f875c04171e24131e8111cb6sJ
dff1ffb5366631a811bd664283a115a3hl,dc84a6a442632ba1726acbd1ebb5065aVj,85d34934b2f4280ebc6a9bc612472c65yE,59e01c01cb9b184fb69d46f2229b1acfqq,157e8af86d46541d5e713444ef480c99wB,1607816ce60c9f486fc65fe4bcb1236dtq
f4f9a202a6b410f27f4f6371549a0886KP,acd1c92663763cf287233591dcebeb72GX,3be158e202864dd4ac9e0fae11824e15GZ,09d9898b542a06022d0edb0decf408e2xi,7e9bdf6a06b0b00b31a5b7d1464a8652nf,89630e36c7ab7a028bc29303e644e42azl
36e00f745262bab1c9a252f14f173046Ry,91d7403db81848e29384da9baa70a2aaEe,0fb3473e60baaeea5209382da43842c7wD,14f24cefe18ea26c8f0b243a0e5dfcd3GC,27f47548bbd20caa944a21950bb3fbb7pq,0e7190ace365811a0e2b802bbdd2e56flx
706af2feab26eae7c38ddb1c9539db44dA,b036b148c2f31bf2111f893a63c98981Qt,bd163eebddb3467a8607492b3aa21ebfTq,5ac445bf72309dce01eb4c6ec8d5cee8VC,cdd05a502748a3d3dc5d7d2faea0ed9bWE,d0fe6ae336c11016ec02266f5384ca2fKS
8311e8d65b9678dfec8638ee7923c8f1ZE,96877db8faf683c2c963b96d6f3d7541RS,eb2a7b3d4d04edc8bb4cf79c902e2443Ur,1cc40b930be4012a7ac69232e305b1b6OV,0f6f1289a8da7b666c50341d261faa9dBd,95bd43b76b27bcc73a58c095c4c35960nQ
f0d15e9b5276c84b007b1fe21da273a7GJ,4a6452fc517baf9caa39d31914c235b6oy,1f7f50e4281491018c41ec4ff3c46eb3HA,816690b1929ef5208154bbaa919b2ef6Se,89b2ab9363981f41a573ca5a91348f87nS,88a37fda2536f39ddf6d5abd30cfebb9CH
e88bbb945a5fb4cd37d75e55fc73fbabip,f0a522cf7bd8ad824343ec22c3bdd837CD,edc833082cf1211f58470cc35ed4b982fe,62fa6bc628b55cde8f5d9fe7e3a252e7uw,e1ddb0f15ab87b3ccffa8448ce996db5BW,317f93c868b064ae49cf76b970ffcfd0br
061d5a9f8155e19655103d0ae4b76ff0ce,e5c4d9d58fb2864354feedfe68240a06GR,172e948226b5662e2471a348a3187f38Vk,44c536b261a42bac87c7503b2f03db67nR,863432ad184f895640e76be17f071c93IQ,f50b2e42b64fb3e2d1f36f10f0c6042bTH
8702be1dd79bf993290f18a6a1d86cb2Wq,be633f18e00b5f1f678f07bec3234e36eZ,66661b7097e69a7338f0531c79d8d90cCs,1b63b51a31dd9fb32363af2c2908c55eCb,25faefeab7ae6c60685c1182076e21dbnP,9a969beb27733921fce20a8da065950fAk
91a4ec53e731f9b89fdcee9dc227aa20jO,6292a42c05f74c711d56841848419638XR,49e3bf3f5e1d7615a4a1813b8ea508f4BC,e670b5d6e3d4f8731d989d40e8faa051yi,8f8867acfd6bce155a4a6b844d1e9e81Qb,77abae05d766b6352bdda63f0ca9f475sr
d140f4c85b8443afc7b2fafabeb43382rw,ee27ee0c427d242355491c07e8fa80ddzj,b1f45b13f875c04171e24131e8111cb6sJ,061d5a9f8155e19655103d0ae4b76ff0ce,44c536b261a42bac87c7503b2f03db67nR,d51bb63c51c94dec44aea7e06c4258b9fp
94e0442b9e2d7d5cd3450bc08a788375VJ,96877db8faf683c2c963b96d6f3d7541RS,197912d000fd1ef402411b6ebe142b37Ji,547281a2f028769dd62d9dfe415e2abfNt,37a99b95cbb8be90324a718370821d34UC,6190e04047f25b177ef12b7398396d4bxo
1f7f50e4281491018c41ec4ff3c46eb3HA,5ca013ebf6499639ffb2cfff2f76d7e5DS,f0d15e9b5276c84b007b1fe21da273a7GJ,219ba769655ec6c2ef146e741ffb73aaXc,42adb426132a1d316af4a0b025f92175cW,88a37fda2536f39ddf6d5abd30cfebb9CH
f4d163a8c601f529869974551adfefc8PY,aa652d7b7d765754921ab83e94b0230eez,777f4c048f35e55dca47b31889b0402fYG,c16a2d1c9e684c869927ef71c6a676a8DG,c820c6793d4067678ebd6784c6f768d6ef,9d52b7a08d20b15a5ed23b599da35f46qD
91181f4ef85bea30277ac25598e2f54bLq,0a4f17d16aa014717b3ba30a36822757nM,5ddcf5a1c02d5ea1141548fac86f9213DX,dacc8a9150318606286b084ebdeae321PG,14d7508540f67fe68f499f8d1c183027vC,4f69ee35bb3ceaf10106e4f0f84653d7vN
c8e3d9e8578a2298d2f7e615aac41f0axF,154c78b05d834f84601bd05a7ac4a333Wh,debffbb306d3189bb8587019e2117b25wZ,0f5aca04bed240db7aa1c5ad77225b86Bg,db217dbaa710b829930dc7122cd46b10og,4ca111052b2c6056bae52ce3bd730b0eiT
91d7403db81848e29384da9baa70a2aaEe,36e00f745262bab1c9a252f14f173046Ry,27f47548bbd20caa944a21950bb3fbb7pq,0fb3473e60baaeea5209382da43842c7wD,14f24cefe18ea26c8f0b243a0e5dfcd3GC,051ec5f0a1a024a25ac9c2707fba6f78Pg
8172dcd092823879da9582d493b4356acf,c99041219e873c2c09c72d92f365f345dg,f0628b38f9f7a83a26dca6e51fdf8f9fGo,68d133aa6721d652caf04f3e2af8d257nX,a277e795be8b52b5b899419dbaadf77fXg,b7b93cf0ec68b1f4229b698fa016af1dxW
317f93c868b064ae49cf76b970ffcfd0br,f0a522cf7bd8ad824343ec22c3bdd837CD,e88bbb945a5fb4cd37d75e55fc73fbabip,354b5568589d658c7c40d297a6a03b7eOu,42adb426132a1d316af4a0b025f92175cW,62fa6bc628b55cde8f5d9fe7e3a252e7uw
9511225a3ca967cf0305209c368ad59dyb,42b8a85e3c53a8b00d8e1de68b430ae2WC,17a71e76c6f394933201f701f57cbf4fIa,a7d218e40815733871c6e1c70efbaff3SE,6a2b0c19f3495f883ee9f679365d9d43ch,d456b739849fa6312b6abe236d47ff51NL
701ade4d30eb82394acd625c6f6fc007hi,b92201249a23132e0f7daa3129407742te,330b46620f43baf6a3506b9c8a429357ux,89b2ab9363981f41a573ca5a91348f87nS,011a268da4d8fc2ef53e28ef15709ae2lD,32aaf57ac44954454d2ea8bd80dee594gn
4297a05b9bd4ed931d50cff51cde02fbeN,19af7de4a8f9a73893833b22361aa8a7Nc,816690b1929ef5208154bbaa919b2ef6Se,4a6452fc517baf9caa39d31914c235b6oy,fa52130717168e514d3aeb571d653d3aIZ,2c3b541d3885464627226305b45804edvG
22c1125e6abc9718b478d8c7b3681d90so,90b5bc072fc8f3f3a0a3a50dff8e0d69Dv,4f69ee35bb3ceaf10106e4f0f84653d7vN,4453098dc5a579d22f79dcb867e8f91eNF,ee6e58f5e23441e1b68cc90f71c2537adC,0a4f17d16aa014717b3ba30a36822757nM
aa652d7b7d765754921ab83e94b0230eez,f4d163a8c601f529869974551adfefc8PY,c820c6793d4067678ebd6784c6f768d6ef,777f4c048f35e55dca47b31889b0402fYG,c16a2d1c9e684c869927ef71c6a676a8DG,9d52b7a08d20b15a5ed23b599da35f46qD
83f218cf7f23957ecc0c32d5f6be9e59my,a4eff98014ec463ec54490a120fc52d4cz,4567e91f242e95572016a7ce353f8c17NV,3658c1f68a8e1f1a51d6baff2fe7539bON,27f47548bbd20caa944a21950bb3fbb7pq,07a80122949423d996852ce1ad61fb41XL
57f702d0466a24eb7bd38c1b53ba14e4Nw,17440a845e1e77c1ed14c5a69ec90569Xo,5486d160b601c243783ceb4bf3e3ed60jr,e88bbb945a5fb4cd37d75e55fc73fbabip,2353f38140101e24cfd9dec496a20de8Ac,86e6a9bbf79ee9c5f364b66d9bdec44bSh
e3e8d8e7523aabd310f3552cc7477a80Cm,1607816ce60c9f486fc65fe4bcb1236dtq,157e8af86d46541d5e713444ef480c99wB,59888d403ca807847b4176ae46ee7646zG,cd5eb66f773dfbec96c93fe4d710b40atx,b78f1a3cc5d1c196e45d7bff3206737eTK
f0a522cf7bd8ad824343ec22c3bdd837CD,62fa6bc628b55cde8f5d9fe7e3a252e7uw,e88bbb945a5fb4cd37d75e55fc73fbabip,f2055eb9e215dd19a870c30f810e4cdbCW,317f93c868b064ae49cf76b970ffcfd0br,edc833082cf1211f58470cc35ed4b982fe
a4dda4312c91a691dc2ac8de9fb23ae9lx,5c98eec200d2c641c05c2a272576175ddv,91379a078218e7a02f89fd9677cce46cnM,a2a7769f3389c0953f752a68764bd61eRe,ff9ada9eda56551c51c28e9e2f9bf8a0yP,f790d068502cfa3dbe54fb7cc93ffacfOH
161c5d477dc983b7625e0e1efeb6734bwE,57b4fbaa837986c723ebdc6944b2a4aeWU,8f04d8848cac7f7e98164c48450e6ea9Ie,b1beb22fb8c4aa4d07cc7c70a44b92d1WJ,567dc1ba34c0a3c5cfb491bd0b1571c1jw,ac9b22069916f60a67155fe25d64b0b2Dh
d0da19ff39ee8220dc61da0e53292408hK,786c1b4bc1ed4470202252160b0d91aand,8f8867acfd6bce155a4a6b844d1e9e81Qb,f56bf4f74c36a425cafee9aca91eeb7cWC,7d3783d923cab44fde9a8d0fe8aa7570DN,e18f8cdbd88783ff2965271bcc05bed0gK
b7124e28050d22974fc8ea5cc61b8ad1id,c7ee0bcc9818e9b7fccd5cfb8f3ef69fZm,25680dd3947dd8ec03408b960bf0e6b0oR,68105aa5dc63d012233efcf487c48eb3Pu,2353f38140101e24cfd9dec496a20de8Ac,330b46620f43baf6a3506b9c8a429357ux
fddf7e51a8d34c6aad17c0dc80ae31ccGq,db5788c551f0011d5146a0886f87cc43iF,e33f218ba0d0da5c57de01f3d44f5b0deF,a572c5a31f2c8aa3110e97723ffd5d4fZN,676f17d89682ba4ac33fdcef5aa321a2nL,83dc16b5be8fc1b53379e9464508c04dIM
68105aa5dc63d012233efcf487c48eb3Pu,b7124e28050d22974fc8ea5cc61b8ad1id,25680dd3947dd8ec03408b960bf0e6b0oR,2353f38140101e24cfd9dec496a20de8Ac,786c1b4bc1ed4470202252160b0d91aand,d0da19ff39ee8220dc61da0e53292408hK
cb08f1244ac9c6a9229a554aa3b87dd3bz,d0c124116faa683d8a841994e83209ddsU,04c26f94437c683d665b894696218457go,bf285f89a6accee7b84146a7c0743372or,07288c300c08b5cb6c3531b237493963mm,2df5bd99422fcc772154210092696df1Xx
9794c78353a142f3c578851687d129f4VI,a572c5a31f2c8aa3110e97723ffd5d4fZN,154c78b05d834f84601bd05a7ac4a333Wh,fddf7e51a8d34c6aad17c0dc80ae31ccGq,4afde260ec81a7a695e8f0520bc1556eao,b459f2a448b3b177093919075c76df3fAW
9e5aa7a6b8911e79c007502a5e685126Lj,04c26f94437c683d665b894696218457go,07288c300c08b5cb6c3531b237493963mm,de793dd4e5f17df6dd0882af21e67c8fOZ,024f9378244c77afb342d162dec5242eNG,91574e3c0c35b1f7d056477a5d268adbMw
2353f38140101e24cfd9dec496a20de8Ac,25680dd3947dd8ec03408b960bf0e6b0oR,b7124e28050d22974fc8ea5cc61b8ad1id,57f702d0466a24eb7bd38c1b53ba14e4Nw,68105aa5dc63d012233efcf487c48eb3Pu,86e6a9bbf79ee9c5f364b66d9bdec44bSh
9f8c93e79b3b6b937ba53304f4c66c56NZ,8ff1f9b314e881894d270c4d269b8c58xV,42ffe6c9f6c0260b93237ac0762694f6Zd,bfe481a14a960d4db2e8158cd491f4e4oB,4c7b60bc03f13ea8afaa39797e53903caq,807b56237595f3033404971c1dd6268auS
19af7de4a8f9a73893833b22361aa8a7Nc,fa52130717168e514d3aeb571d653d3aIZ,4297a05b9bd4ed931d50cff51cde02fbeN,6ece17e46e0d1a31727ea99836a6112crO,89b2ab9363981f41a573ca5a91348f87nS,4a6452fc517baf9caa39d31914c235b6oy
bc06e4cf4937d73282ccc36f22daa029yi,dacc8a9150318606286b084ebdeae321PG,91181f4ef85bea30277ac25598e2f54bLq,ce51c5133a435e38c46ac90111f896aesp,e943d3ee1527a1aba19d6537d387d320wn,6bb61a23a3a8b8cb0a3da3a394102e2cnW
fb57a1b510322dd57be7760d86f207cdzN,ac9b22069916f60a67155fe25d64b0b2Dh,b1beb22fb8c4aa4d07cc7c70a44b92d1WJ,f032dd16d84e869435ab43c30cabe5faau,b641c6b1b342ef150544480ab3af4f36aB,8e98a0b91e08963f64e76137c3190418up
6ece17e46e0d1a31727ea99836a6112crO,60681dbe4e4b3156c51b9d0e6c9f25a8Yv,2adb8276c680fd383b7061c160485a7bzp,6292a42c05f74c711d56841848419638XR,19af7de4a8f9a73893833b22361aa8a7Nc,9170a61a9de08122b73dd44936422bc8VC
f5f90482f4a9a35d26dffd58b108c52ctB,efc30669d839a363aa7ddf51cf53f961YP,21eaff5aa22d23225562d13b4c0e248dgE,5f21f2662368c51b3c5be85663a899c9nw,4eea315c818001525971d787f542772flE,d51bb63c51c94dec44aea7e06c4258b9fp
b6a93ccfea83d3398c0bb9ebbfe90dcfrd,fd55d801c8d17e6602b0d38428637660cA,c99041219e873c2c09c72d92f365f345dg,a4b650d5286b26b0e97f446509aba30fmT,596b94c7028d878128ce6ae027bcefb9PX,1c8fda6b9e8474d63e4d15441c94084aiq
77abae05d766b6352bdda63f0ca9f475sr,f56bf4f74c36a425cafee9aca91eeb7cWC,5b29cc18abf54a312ba7a8113d8099cbIt,4ae53948633fc1ea35029c802caa52f7Fz,dc46a9f8e707da98ecc9f75c5d8412f6ig,1b22c298fa2b490c53eb1f45271748b9Zn
62fa6bc628b55cde8f5d9fe7e3a252e7uw,f0a522cf7bd8ad824343ec22c3bdd837CD,f2055eb9e215dd19a870c30f810e4cdbCW,89b2ab9363981f41a573ca5a91348f87nS,80ccf00be21c79bf10b17a1981bf0aa3hp,e88bbb945a5fb4cd37d75e55fc73fbabip
786c1b4bc1ed4470202252160b0d91aand,d0da19ff39ee8220dc61da0e53292408hK,7d3783d923cab44fde9a8d0fe8aa7570DN,1aa6a0d7dabd9cabfe3c9508d94196e3js,9ffce4f0dc9ae612440c248b819357dfQV,68105aa5dc63d012233efcf487c48eb3Pu
5b29cc18abf54a312ba7a8113d8099cbIt,77abae05d766b6352bdda63f0ca9f475sr,552256ad0e53f6ef8c9cd2d4e0fd3422bm,3be158e202864dd4ac9e0fae11824e15GZ,1b22c298fa2b490c53eb1f45271748b9Zn,323e11ad5b703092e4e2ad838a772afbpW
e5c4d9d58fb2864354feedfe68240a06GR,172e948226b5662e2471a348a3187f38Vk,061d5a9f8155e19655103d0ae4b76ff0ce,f50b2e42b64fb3e2d1f36f10f0c6042bTH,28656f38c4dd81fb264079c60c31b8a8Te,9e6013e3dca5e99b6ea059bc4694772czo
421efe1e059670c302f3fe2aacb8ce08rN,86e6a9bbf79ee9c5f364b66d9bdec44bSh,17cff86ff83d0be13e8b2b0bd47cb204fq,9511225a3ca967cf0305209c368ad59dyb,25680dd3947dd8ec03408b960bf0e6b0oR,61569997d52d27ba0d559a3aa380704dSs
04c26f94437c683d665b894696218457go,024f9378244c77afb342d162dec5242eNG,efd693497548186ca15b6cd051804c32UX,07288c300c08b5cb6c3531b237493963mm,9e5aa7a6b8911e79c007502a5e685126Lj,dfe6cf0d04a9ec579e80a0d01a524426dX
57b4fbaa837986c723ebdc6944b2a4aeWU,161c5d477dc983b7625e0e1efeb6734bwE,567dc1ba34c0a3c5cfb491bd0b1571c1jw,8f04d8848cac7f7e98164c48450e6ea9Ie,48d16b87d7f38d7c5622421e77aafdbclI,48fbec9c80fb70f6cbca7e8ed0e31c74gx
c7ee0bcc9818e9b7fccd5cfb8f3ef69fZm,b7124e28050d22974fc8ea5cc61b8ad1id,330b46620f43baf6a3506b9c8a429357ux,57a856080bc80b466b1184533513ddfdBY,e06f66a18c2de42f9a01e3dcb013e0easm,8f8867acfd6bce155a4a6b844d1e9e81Qb
76f26395978328b3033cd8e0bfc0019dzF,17d92f449d2348fccc5f14d53b1ffc90iU,2d46d43a4b5208d781313e73ceb73f9aTP,f0628b38f9f7a83a26dca6e51fdf8f9fGo,0ec402579ef6d7c3defa2499abfd8ccfDJ,8172dcd092823879da9582d493b4356acf
dec9b196447c51b4c07062aa9a8b796cPo,1aa6a0d7dabd9cabfe3c9508d94196e3js,c5561619aa936e00b18f3b0266f8729eAE,a9e0ec21245ea4e9b957952e5b99679cvy,8ffbc8bacc2946432ef11ccad2903c47vY,e18f8cdbd88783ff2965271bcc05bed0gK
97b38d7852c8d85c93d84607810dab43BC,4ddba693ec6fb8f4a4e6fb176c8f9439nQ,17d92f449d2348fccc5f14d53b1ffc90iU,0f5aca04bed240db7aa1c5ad77225b86Bg,27da97910d5f0f79fc74dbbad1fe7854IE,42b8a85e3c53a8b00d8e1de68b430ae2WC
1aa6a0d7dabd9cabfe3c9508d94196e3js,dec9b196447c51b4c07062aa9a8b796cPo,c5561619aa936e00b18f3b0266f8729eAE,7d3783d923cab44fde9a8d0fe8aa7570DN,438c87ad379772d91a2338a6901e23d1Ro,6ece17e46e0d1a31727ea99836a6112crO
fb25fbffa1f91cafad33f598bc5e26daCT,0f6f1289a8da7b666c50341d261faa9dBd,e36ac4b0dc729b8e90a588a26deaa826lF,481841911f826ae6c429e8032365e075Qo,c44c1a34383b74d9daf871d5c45df85fIR,7ae5b6236ba401270599c65d8d71005cer
eb2a7b3d4d04edc8bb4cf79c902e2443Ur,96877db8faf683c2c963b96d6f3d7541RS,7fff29e742af07dc2762cdcda4608467MO,85f77b670d155f433b8a3cdf718f8efaht,8311e8d65b9678dfec8638ee7923c8f1ZE,c140c53ecc5a5ca43286e29edaccf119FP
6292a42c05f74c711d56841848419638XR,91a4ec53e731f9b89fdcee9dc227aa20jO,6ece17e46e0d1a31727ea99836a6112crO,9170a61a9de08122b73dd44936422bc8VC,49e3bf3f5e1d7615a4a1813b8ea508f4BC,77abae05d766b6352bdda63f0ca9f475sr
3b1198b8180a7dca7d0c2b7d99e71ce6ga,b24c4862cd987b80f3802ef657600dc9Rk,3399098e772a9668cd14c6282960e8ffkI,268313cf43a6143c47f0311712acfb0eEh,f0b22170d6dc258ebef0e295363ef361uO,50c71c3ccff7ca9824fb8c5e174058deFo
026775d1dfdf605833c846b408ab364bkz,0a7a9ad07607a902537c5ebac5273b98kQ,2cec1d3b7a37c4125550de415d8dd046lj,39312de6b4da971b49a69a7695fbd332hH,48d16b87d7f38d7c5622421e77aafdbclI,5306f2a4a8c64335fe9190a48fb4ab08GS
79c017e6cfd9ad166e208c8f2e5a441fmD,8ff1f9b314e881894d270c4d269b8c58xV,4f4b8827b112e3f315e4fc79f4c85605aP,786c1b4bc1ed4470202252160b0d91aand,d0da19ff39ee8220dc61da0e53292408hK,9f8c93e79b3b6b937ba53304f4c66c56NZ
5c98eec200d2c641c05c2a272576175ddv,a4dda4312c91a691dc2ac8de9fb23ae9lx,ff9ada9eda56551c51c28e9e2f9bf8a0yP,b1beb22fb8c4aa4d07cc7c70a44b92d1WJ,400de1e2481926e947ab938a17fb7989Ms,161c5d477dc983b7625e0e1efeb6734bwE
f56bf4f74c36a425cafee9aca91eeb7cWC,77abae05d766b6352bdda63f0ca9f475sr,4ae53948633fc1ea35029c802caa52f7Fz,dc46a9f8e707da98ecc9f75c5d8412f6ig,e18f8cdbd88783ff2965271bcc05bed0gK,1b22c298fa2b490c53eb1f45271748b9Zn
348c6eb0b55474569e3a5f8edd662ca2RG,1f7f50e4281491018c41ec4ff3c46eb3HA,42adb426132a1d316af4a0b025f92175cW,f0d15e9b5276c84b007b1fe21da273a7GJ,5ca013ebf6499639ffb2cfff2f76d7e5DS,4a6452fc517baf9caa39d31914c235b6oy
d51bb63c51c94dec44aea7e06c4258b9fp,f5f90482f4a9a35d26dffd58b108c52ctB,5f21f2662368c51b3c5be85663a899c9nw,61f46ba981ced5311cb80702d5f02f69At,b1f45b13f875c04171e24131e8111cb6sJ,efc30669d839a363aa7ddf51cf53f961YP
011a268da4d8fc2ef53e28ef15709ae2lD,6ece17e46e0d1a31727ea99836a6112crO,5b29cc18abf54a312ba7a8113d8099cbIt,552256ad0e53f6ef8c9cd2d4e0fd3422bm,323e11ad5b703092e4e2ad838a772afbpW,fc3e3bb54160df0ce6c7719389bd8976aT
dc46a9f8e707da98ecc9f75c5d8412f6ig,1b22c298fa2b490c53eb1f45271748b9Zn,77abae05d766b6352bdda63f0ca9f475sr,f56bf4f74c36a425cafee9aca91eeb7cWC,4ae53948633fc1ea35029c802caa52f7Fz,3be158e202864dd4ac9e0fae11824e15GZ
82244aa4a582799cec1d24a8dc46e27dFT,080c3215af26a8fb957deb3adeda269fxk,f259ba5ebbd84567d1a85ae6dabfebf7Yn,d220eeb7238dcdb06883a58ad71914a6VJ,6190e04047f25b177ef12b7398396d4bxo,79977d206c55c53546e52e9a1e8f9c14qP
2c3b541d3885464627226305b45804edvG,4297a05b9bd4ed931d50cff51cde02fbeN,65709760e0dd19e7f4147c87c30e3055wd,8f5496d7b42eabbe364cd31c5ca6e7a5FN,883dcb99af93bac63dc65fd19056a8a2HL,816690b1929ef5208154bbaa919b2ef6Se
38547f9bddd9d80ddf2df48e9fe98635mK,95f4679308269999bfdc603572edcddfyW,82f6961ef2ab947c94e9df0c9c6f04b0fh,e1e9819f76f81ce70231555ce6e1064cru,f516b16a5d5bfd68a06ec5756a7e0f90XB,3069b959214566c82505cad16f88509ecQ
311121e441f8c6129383a0e6b10236c0ht,bc392b4f32296a0b283b1e40f74e7073EZ,4ff9df277490320fe4944873831ae2d4DW,15dea4ef17be7dcdcd8d7be3a8e60268eA,266fca6f1dfcf0aa7abc984879d82661Rz,f195059b1e3b1ced1d42b17b35ab6fa8os
4ae53948633fc1ea35029c802caa52f7Fz,77abae05d766b6352bdda63f0ca9f475sr,f56bf4f74c36a425cafee9aca91eeb7cWC,e18f8cdbd88783ff2965271bcc05bed0gK,3be158e202864dd4ac9e0fae11824e15GZ,dc46a9f8e707da98ecc9f75c5d8412f6ig
c820c6793d4067678ebd6784c6f768d6ef,aa652d7b7d765754921ab83e94b0230eez,d4741cf5392c7ef7b152ee6f3a9d04a1Lz,f4d163a8c601f529869974551adfefc8PY,91d7403db81848e29384da9baa70a2aaEe,27f47548bbd20caa944a21950bb3fbb7pq
48d16b87d7f38d7c5622421e77aafdbclI,026775d1dfdf605833c846b408ab364bkz,2cec1d3b7a37c4125550de415d8dd046lj,57b4fbaa837986c723ebdc6944b2a4aeWU,9d52b7a08d20b15a5ed23b599da35f46qD,0a7a9ad07607a902537c5ebac5273b98kQ
f50b2e42b64fb3e2d1f36f10f0c6042bTH,061d5a9f8155e19655103d0ae4b76ff0ce,172e948226b5662e2471a348a3187f38Vk,e5c4d9d58fb2864354feedfe68240a06GR,7533af0755412eae141e801b9d3bf9a3gw,b1f45b13f875c04171e24131e8111cb6sJ
83dc16b5be8fc1b53379e9464508c04dIM,4afde260ec81a7a695e8f0520bc1556eao,b81299ba4af58ca99d93d320f67e4ac1ak,f43fb78c4880de8cdcf9d889795b85c3WY,db5788c551f0011d5146a0886f87cc43iF,95a035e17d2572c9f45c02f14012b464vm
09d9898b542a06022d0edb0decf408e2xi,acd1c92663763cf287233591dcebeb72GX,3be158e202864dd4ac9e0fae11824e15GZ,f4f9a202a6b410f27f4f6371549a0886KP,f52abd2165139150001e35ec47d1ce58HH,89630e36c7ab7a028bc29303e644e42azl
154c78b05d834f84601bd05a7ac4a333Wh,c8e3d9e8578a2298d2f7e615aac41f0axF,b459f2a448b3b177093919075c76df3fAW,db217dbaa710b829930dc7122cd46b10og,822e4f76ab4e672856c5633a95b4d665uI,15052a8419b2cec36a84a19a6019d577Md
1b22c298fa2b490c53eb1f45271748b9Zn,dc46a9f8e707da98ecc9f75c5d8412f6ig,77abae05d766b6352bdda63f0ca9f475sr,3be158e202864dd4ac9e0fae11824e15GZ,5b29cc18abf54a312ba7a8113d8099cbIt,f56bf4f74c36a425cafee9aca91eeb7cWC
5ad6640a2c18f2ebfce19afde792e20aLl,e7c9529b9b1ef53de47927698393bd8cBp,eb495685cae482e3e434f97166eabbc9Zz,64577f2239127f782d6da8d799b8b1e5Zr,f25e8a552a920ca8fa82486afc675f28ai,4567e91f242e95572016a7ce353f8c17NV
de95ea6749b6e0c8282891ca04d36778Po,09d9898b542a06022d0edb0decf408e2xi,89630e36c7ab7a028bc29303e644e42azl,acd1c92663763cf287233591dcebeb72GX,7e9bdf6a06b0b00b31a5b7d1464a8652nf,f52abd2165139150001e35ec47d1ce58HH
157e8af86d46541d5e713444ef480c99wB,7712f915b711819e0ea6173d71d04012ro,e3e8d8e7523aabd310f3552cc7477a80Cm,b78f1a3cc5d1c196e45d7bff3206737eTK,b5d2eca0229f720126665cc6cf820e11os,bbbab0e06618f9dd4edbef1a6a7a7ce7xV
7fff29e742af07dc2762cdcda4608467MO,eb2a7b3d4d04edc8bb4cf79c902e2443Ur,96877db8faf683c2c963b96d6f3d7541RS,85f77b670d155f433b8a3cdf718f8efaht,8311e8d65b9678dfec8638ee7923c8f1ZE,17440a845e1e77c1ed14c5a69ec90569Xo
8ff1f9b314e881894d270c4d269b8c58xV,9f8c93e79b3b6b937ba53304f4c66c56NZ,42ffe6c9f6c0260b93237ac0762694f6Zd,bfe481a14a960d4db2e8158cd491f4e4oB,79c017e6cfd9ad166e208c8f2e5a441fmD,786c1b4bc1ed4470202252160b0d91aand
27da97910d5f0f79fc74dbbad1fe7854IE,a6ba2406841b6f7f67456fd05a3aa580wB,8a1d6d04947d279bfadc53ea597944eeBO,b7124e28050d22974fc8ea5cc61b8ad1id,c7ee0bcc9818e9b7fccd5cfb8f3ef69fZm,bc06e4cf4937d73282ccc36f22daa029yi
49e3bf3f5e1d7615a4a1813b8ea508f4BC,91a4ec53e731f9b89fdcee9dc227aa20jO,6292a42c05f74c711d56841848419638XR,e670b5d6e3d4f8731d989d40e8faa051yi,d5483194d58df66a5fc42c069ee4fe2axN,1b22c298fa2b490c53eb1f45271748b9Zn
30565f9297f0a2ca47d53446e8155e2flV,c44c1a34383b74d9daf871d5c45df85fIR,7ae5b6236ba401270599c65d8d71005cer,cec3b760ad57f483ff671c1a75d13f5bxv,c16a2d1c9e684c869927ef71c6a676a8DG,7d062dff5f38450d2c4e543a654dfee7nb
5486d160b601c243783ceb4bf3e3ed60jr,5df22ac5e4ad35250d596422fa23a4e7eQ,17440a845e1e77c1ed14c5a69ec90569Xo,86e6a9bbf79ee9c5f364b66d9bdec44bSh,57f702d0466a24eb7bd38c1b53ba14e4Nw,9511225a3ca967cf0305209c368ad59dyb
f790d068502cfa3dbe54fb7cc93ffacfOH,1457f9ec0e36c66a7f2c6937288a30e8CD,3d1fb3098403d862198f3b68761cbf95KZ,527f12046bd95998116ae44932dbeaa2Jj,b24c4862cd987b80f3802ef657600dc9Rk,af942f9bf32051b7f379995efca6a106Im
5b4ac6eb78ba7d3ff792a81d18b44408Ko,55656b9cd5207103d31e376c951255a0RQ,17eb1a2bdb071e0bb04d37a6d97c95abUo,cdc4df30fd34ddb522bf6770ea6ad492me,cca22b8a0809ae91a19e360acefa6a84ht,17d92f449d2348fccc5f14d53b1ffc90iU
17e28fb40a7d5830cc12f627cccf2612Ul,60681dbe4e4b3156c51b9d0e6c9f25a8Yv,7c219d38f646b5bbac1c310be021f444bn,2adb8276c680fd383b7061c160485a7bzp,b59bbe518e7ecdcdbf5a0f2b5a9c9010bp,8025cd1c9b4fe2049038d2e5aa503f14Ot
3be158e202864dd4ac9e0fae11824e15GZ,acd1c92663763cf287233591dcebeb72GX,f4f9a202a6b410f27f4f6371549a0886KP,09d9898b542a06022d0edb0decf408e2xi,7e9bdf6a06b0b00b31a5b7d1464a8652nf,f52abd2165139150001e35ec47d1ce58HH
b81299ba4af58ca99d93d320f67e4ac1ak,a9e0ec21245ea4e9b957952e5b99679cvy,a0a1f7d3529b53ce737ec9cb42262507MG,4d3dbb2ce2937a80ec7a0d6be74e05d3Uf,f43fb78c4880de8cdcf9d889795b85c3WY,1896702325cd9faeb5028da0562d396eUp
86e6a9bbf79ee9c5f364b66d9bdec44bSh,25680dd3947dd8ec03408b960bf0e6b0oR,5486d160b601c243783ceb4bf3e3ed60jr,2353f38140101e24cfd9dec496a20de8Ac,57f702d0466a24eb7bd38c1b53ba14e4Nw,b7124e28050d22974fc8ea5cc61b8ad1id
17d92f449d2348fccc5f14d53b1ffc90iU,5b4ac6eb78ba7d3ff792a81d18b44408Ko,822e4f76ab4e672856c5633a95b4d665uI,76f26395978328b3033cd8e0bfc0019dzF,97b38d7852c8d85c93d84607810dab43BC,2d46d43a4b5208d781313e73ceb73f9aTP
7ae5b6236ba401270599c65d8d71005cer,c44c1a34383b74d9daf871d5c45df85fIR,0a7a9ad07607a902537c5ebac5273b98kQ,30565f9297f0a2ca47d53446e8155e2flV,7887c92288600f1109d16f8cd7b3b997yV,40c3ff0a4fa0dd4c9761c7c860864b51zj
f43fb78c4880de8cdcf9d889795b85c3WY,a0a1f7d3529b53ce737ec9cb42262507MG,b81299ba4af58ca99d93d320f67e4ac1ak,4d3dbb2ce2937a80ec7a0d6be74e05d3Uf,dec9b196447c51b4c07062aa9a8b796cPo,875111d32951f437bf1437484a039a03pj
0fb3473e60baaeea5209382da43842c7wD,91d7403db81848e29384da9baa70a2aaEe,36e00f745262bab1c9a252f14f173046Ry,bffb68a4a507af70753794996d1a1c50Iq,2048a4b3e03efb8aceeba7a0b5b165ddRu,1acc9f878314762b41517cdfe6ab0686oU
4453098dc5a579d22f79dcb867e8f91eNF,b4af145724716431010f23a71c5f29b2bz,ee6e58f5e23441e1b68cc90f71c2537adC,74d79153330a9c5085b0b839e36516e2Ts,4f69ee35bb3ceaf10106e4f0f84653d7vN,0a4f17d16aa014717b3ba30a36822757nM
5f5849e3941066fb1656fd6b6f78dbebxV,7c219d38f646b5bbac1c310be021f444bn,dc1df9de2d263f6da7500b4e698a4af3EN,be7aabc44a6dfb297ee37090e0b92135dg,687863facd95f34a82fb9076ee0ba62fVX,52dd686e7bb63932da15bce81622d2f7rz
d5483194d58df66a5fc42c069ee4fe2axN,6292a42c05f74c711d56841848419638XR,49e3bf3f5e1d7615a4a1813b8ea508f4BC,80f72adabe9617c7364a0a330988d78aJu,91a4ec53e731f9b89fdcee9dc227aa20jO,e670b5d6e3d4f8731d989d40e8faa051yi
e18f8cdbd88783ff2965271bcc05bed0gK,4ae53948633fc1ea35029c802caa52f7Fz,f56bf4f74c36a425cafee9aca91eeb7cWC,d34af353225b4621bb6bae0001eadbb1ho,872158214b89efdacbc29aca69239877uh,71b07ac56ff5303feecfe743c856ecd8jr
95f4679308269999bfdc603572edcddfyW,38547f9bddd9d80ddf2df48e9fe98635mK,82f6961ef2ab947c94e9df0c9c6f04b0fh,ad9066e28ff82a0711c2feb8f7bef627Yc,e1e9819f76f81ce70231555ce6e1064cru,f516b16a5d5bfd68a06ec5756a7e0f90XB
c99041219e873c2c09c72d92f365f345dg,fd55d801c8d17e6602b0d38428637660cA,b6a93ccfea83d3398c0bb9ebbfe90dcfrd,9642436fe9429528f86a1e6b2475a431Ve,1c8fda6b9e8474d63e4d15441c94084aiq,3b1e832558460a975fbfef728538400eUP
15d3753085d386f193e30f663a2137a2iY,112a1fd33aa17f13990ba6bbfeddc4c7Fj,3bb33fce4818ece3d3df801d0d8705b5WJ,14048d07f6236aea0f8b7b390d680e7blh,79977d206c55c53546e52e9a1e8f9c14qP,27839c7e34ae4b3c0008dc0f38bed312HO
883dcb99af93bac63dc65fd19056a8a2HL,8f5496d7b42eabbe364cd31c5ca6e7a5FN,a77c57d9f2abbc5d9a0aaf7a3fb63be6DV,2c3b541d3885464627226305b45804edvG,95d0a4d332d5246ee47d6aa1d0ecf46bHn,4297a05b9bd4ed931d50cff51cde02fbeN
dd93891925d6f7b5d955ca1230f41d23Fd,de793dd4e5f17df6dd0882af21e67c8fOZ,77cd192db683a5e31ae9dfcbc1ece960rE,91574e3c0c35b1f7d056477a5d268adbMw,502f341f8104cb01184e37bef609063biM,e7592ba6835d043cb60cafaa068c38b6Ak
bbbab0e06618f9dd4edbef1a6a7a7ce7xV,50c71c3ccff7ca9824fb8c5e174058deFo,7712f915b711819e0ea6173d71d04012ro,2f7eae64f93f264591f673d62ee8f2d5XG,6b21dc8d62fe0f2217444f0d4d3b45d5Ov,b5d2eca0229f720126665cc6cf820e11os
2048a4b3e03efb8aceeba7a0b5b165ddRu,1acc9f878314762b41517cdfe6ab0686oU,550a9ac4f39fc858908779dff2e867a0XI,47cc14893729d92490cca48c1950ee9cFB,bffb68a4a507af70753794996d1a1c50Iq,051ec5f0a1a024a25ac9c2707fba6f78Pg
de793dd4e5f17df6dd0882af21e67c8fOZ,77cd192db683a5e31ae9dfcbc1ece960rE,91574e3c0c35b1f7d056477a5d268adbMw,502f341f8104cb01184e37bef609063biM,119a7eb24b555d2b311d2e5b9c7ad3c2Mx,dd93891925d6f7b5d955ca1230f41d23Fd
7a25d244a83b21ebe4309ee2f3a1cd9bcd,55656b9cd5207103d31e376c951255a0RQ,cca22b8a0809ae91a19e360acefa6a84ht,ab74ef827f405baad7de14859e8c655fnx,afb40c3b7315db4e96ce956a9fdee0acHC,3f3dec5b9f3e1bf35e1795763e33c2adqz
4f4b8827b112e3f315e4fc79f4c85605aP,d5483194d58df66a5fc42c069ee4fe2axN,80f72adabe9617c7364a0a330988d78aJu,fd55d801c8d17e6602b0d38428637660cA,79c017e6cfd9ad166e208c8f2e5a441fmD,9642436fe9429528f86a1e6b2475a431Ve
17440a845e1e77c1ed14c5a69ec90569Xo,57f702d0466a24eb7bd38c1b53ba14e4Nw,5486d160b601c243783ceb4bf3e3ed60jr,5df22ac5e4ad35250d596422fa23a4e7eQ,86e6a9bbf79ee9c5f364b66d9bdec44bSh,0840be926d8e3353a999267749e55081wa
c44c1a34383b74d9daf871d5c45df85fIR,7ae5b6236ba401270599c65d8d71005cer,cec3b760ad57f483ff671c1a75d13f5bxv,30565f9297f0a2ca47d53446e8155e2flV,a8f0de4b2ecd3752ab2c35059a8fc9b1yt,0a7a9ad07607a902537c5ebac5273b98kQ
a4eff98014ec463ec54490a120fc52d4cz,07a80122949423d996852ce1ad61fb41XL,83f218cf7f23957ecc0c32d5f6be9e59my,3658c1f68a8e1f1a51d6baff2fe7539bON,4567e91f242e95572016a7ce353f8c17NV,550a9ac4f39fc858908779dff2e867a0XI
3069b959214566c82505cad16f88509ecQ,70dbc3b0160525f14bbb817a0e470bbdyn,7533af0755412eae141e801b9d3bf9a3gw,f50b2e42b64fb3e2d1f36f10f0c6042bTH,c169881b44eeb17c310963f1f31a2864vx,c8a5f628a62a552ef3149c11b027d345mE
544c471fae560da80716c56003f8b024UW,495a20cc2edcbbbea1fd8c5f9955a5dbYD,debffbb306d3189bb8587019e2117b25wZ,792a8ca952149efb125687755042cc5eQb,4ca111052b2c6056bae52ce3bd730b0eiT,002ae8d10c5ec26fae90a0976f72eacfoE
002ae8d10c5ec26fae90a0976f72eacfoE,62c341afd686626e372fcfdfc6091dd7RX,4ca111052b2c6056bae52ce3bd730b0eiT,debffbb306d3189bb8587019e2117b25wZ,495a20cc2edcbbbea1fd8c5f9955a5dbYD,4084d6a04d02d04ad1d356663dd52451GM
273fbe2a8850ff52ee5bb047a66f2fb3Oi,8e374238302036f34f62ab20a237a3abwK,3d2889189d8d21846d69b062d3bec05cHY,91379a078218e7a02f89fd9677cce46cnM,813c1397100e0311342c31ae82f1e9c0ma,dfdaf2de60432691eb255b5e2dcd189aWp
f259ba5ebbd84567d1a85ae6dabfebf7Yn,080c3215af26a8fb957deb3adeda269fxk,82244aa4a582799cec1d24a8dc46e27dFT,79977d206c55c53546e52e9a1e8f9c14qP,27839c7e34ae4b3c0008dc0f38bed312HO,82bbde9bcdca9863ac8f2cdb01663682Lo
91379a078218e7a02f89fd9677cce46cnM,273fbe2a8850ff52ee5bb047a66f2fb3Oi,a2a7769f3389c0953f752a68764bd61eRe,8e374238302036f34f62ab20a237a3abwK,66572160f0b557c35198eca20271d856OF,a4dda4312c91a691dc2ac8de9fb23ae9lx
acd1c92663763cf287233591dcebeb72GX,7e9bdf6a06b0b00b31a5b7d1464a8652nf,3be158e202864dd4ac9e0fae11824e15GZ,f4f9a202a6b410f27f4f6371549a0886KP,09d9898b542a06022d0edb0decf408e2xi,f52abd2165139150001e35ec47d1ce58HH
fd55d801c8d17e6602b0d38428637660cA,9642436fe9429528f86a1e6b2475a431Ve,c99041219e873c2c09c72d92f365f345dg,b6a93ccfea83d3398c0bb9ebbfe90dcfrd,1c8fda6b9e8474d63e4d15441c94084aiq,a4109b9c3bf9fe3c81b83bb050db02aeNm
0a7a9ad07607a902537c5ebac5273b98kQ,026775d1dfdf605833c846b408ab364bkz,7ae5b6236ba401270599c65d8d71005cer,c44c1a34383b74d9daf871d5c45df85fIR,2cec1d3b7a37c4125550de415d8dd046lj,48d16b87d7f38d7c5622421e77aafdbclI
1607816ce60c9f486fc65fe4bcb1236dtq,e3e8d8e7523aabd310f3552cc7477a80Cm,50c71c3ccff7ca9824fb8c5e174058deFo,2f7eae64f93f264591f673d62ee8f2d5XG,7712f915b711819e0ea6173d71d04012ro,bbbab0e06618f9dd4edbef1a6a7a7ce7xV
119a7eb24b555d2b311d2e5b9c7ad3c2Mx,3a745f2ebc38acb40fa49b82c729c908fJ,77cd192db683a5e31ae9dfcbc1ece960rE,5293d90d2465bd9c015b29516039e222ZS,de793dd4e5f17df6dd0882af21e67c8fOZ,91574e3c0c35b1f7d056477a5d268adbMw
debffbb306d3189bb8587019e2117b25wZ,495a20cc2edcbbbea1fd8c5f9955a5dbYD,4ca111052b2c6056bae52ce3bd730b0eiT,002ae8d10c5ec26fae90a0976f72eacfoE,a2fd3ed46d59841b1368b4cef7ac3145GA,bfe0f91921c7060a56cfd0b00cd98088Yy
95a035e17d2572c9f45c02f14012b464vm,8ac8fbc023ca685137c8c1d655165b2dvL,4afde260ec81a7a695e8f0520bc1556eao,c7c55c16d01363df22b3dd00cb7d0255ZN,83dc16b5be8fc1b53379e9464508c04dIM,db217dbaa710b829930dc7122cd46b10og
268313cf43a6143c47f0311712acfb0eEh,af942f9bf32051b7f379995efca6a106Im,3b1198b8180a7dca7d0c2b7d99e71ce6ga,b24c4862cd987b80f3802ef657600dc9Rk,527f12046bd95998116ae44932dbeaa2Jj,3399098e772a9668cd14c6282960e8ffkI
6190e04047f25b177ef12b7398396d4bxo,82244aa4a582799cec1d24a8dc46e27dFT,080c3215af26a8fb957deb3adeda269fxk,8da13f83e8ff754d72cd9b48f212435atK,9004e1a48b485566c169c7a2db5eb71bht,f5f90482f4a9a35d26dffd58b108c52ctB
813c1397100e0311342c31ae82f1e9c0ma,273fbe2a8850ff52ee5bb047a66f2fb3Oi,dfdaf2de60432691eb255b5e2dcd189aWp,8e374238302036f34f62ab20a237a3abwK,c140c53ecc5a5ca43286e29edaccf119FP,85f77b670d155f433b8a3cdf718f8efaht
d22264b057ef9855909d3078c8afaefeof,17e28fb40a7d5830cc12f627cccf2612Ul,8f5496d7b42eabbe364cd31c5ca6e7a5FN,883dcb99af93bac63dc65fd19056a8a2HL,2c3b541d3885464627226305b45804edvG,7c219d38f646b5bbac1c310be021f444bn
4ddba693ec6fb8f4a4e6fb176c8f9439nQ,97b38d7852c8d85c93d84607810dab43BC,8fcb2e11b62aa37030a86049ecb78609XL,6c0c3ccc4b7bc6b7a840b9707050f7e3tw,243d3773a2043eebadeea2082fe996a4YX,17d92f449d2348fccc5f14d53b1ffc90iU
c5561619aa936e00b18f3b0266f8729eAE,dec9b196447c51b4c07062aa9a8b796cPo,be7aabc44a6dfb297ee37090e0b92135dg,1aa6a0d7dabd9cabfe3c9508d94196e3js,8ffbc8bacc2946432ef11ccad2903c47vY,b7285c4b10e02ef12eebd120d0432aa2yV
495a20cc2edcbbbea1fd8c5f9955a5dbYD,debffbb306d3189bb8587019e2117b25wZ,4ca111052b2c6056bae52ce3bd730b0eiT,a2fd3ed46d59841b1368b4cef7ac3145GA,002ae8d10c5ec26fae90a0976f72eacfoE,bfe0f91921c7060a56cfd0b00cd98088Yy
7485582af61cfa3f3efc9fb097cbe4c5uN,fe7acb00e09ae54ace4af8081dfd7ca6yR,e943d3ee1527a1aba19d6537d387d320wn,824a2ecb326b13c3ca69bc011ec6ead8xu,4122c5b92b0893b9c4be6b525c85c0ccWD,90b5bc072fc8f3f3a0a3a50dff8e0d69Dv
fc3e3bb54160df0ce6c7719389bd8976aT,858a4f9fe8fe6d337cf7e96943d20089qK,bede4eeee09d1afdc59e792a304f6530Xi,e670b5d6e3d4f8731d989d40e8faa051yi,89630e36c7ab7a028bc29303e644e42azl,3eda195f286d441925c3315ed0fb58a2vY
863432ad184f895640e76be17f071c93IQ,2f08688f3a8f737a66fbfe86c5c6fec1rh,4b3b185fb94f8b5e95e1fb8ea57136bfcT,9e6013e3dca5e99b6ea059bc4694772czo,051ec5f0a1a024a25ac9c2707fba6f78Pg,47cc14893729d92490cca48c1950ee9cFB
68d133aa6721d652caf04f3e2af8d257nX,4d3dbb2ce2937a80ec7a0d6be74e05d3Uf,1896702325cd9faeb5028da0562d396eUp,bdc3af2ad806c8e81af071207443b002hQ,3b1e832558460a975fbfef728538400eUP,2e980b774f5243d770e8d8e7737fd489JP
68b60f578214a4fd243a2b69483b94bfmz,c45bfa7623a8673efae1e4741e7b7680mE,e645392e73d91a41a9c37129da1ad0dbUx,237bcae2ff458a8dff118fdf36dc6aa4et,7887c92288600f1109d16f8cd7b3b997yV,7a4bd62bf5cfb34840fd730f6aafaa7dNM
4ca111052b2c6056bae52ce3bd730b0eiT,debffbb306d3189bb8587019e2117b25wZ,495a20cc2edcbbbea1fd8c5f9955a5dbYD,002ae8d10c5ec26fae90a0976f72eacfoE,bfe0f91921c7060a56cfd0b00cd98088Yy,8c9ac309113a4350fd1b7983a7f6375euo
9ffce4f0dc9ae612440c248b819357dfQV,d34af353225b4621bb6bae0001eadbb1ho,feca0b51c983f14bf715235be1cb378boQ,5f81d0990b0217fda3bcca3c6c75aeddsr,b7285c4b10e02ef12eebd120d0432aa2yV,438c87ad379772d91a2338a6901e23d1Ro
3399098e772a9668cd14c6282960e8ffkI,bffb68a4a507af70753794996d1a1c50Iq,3b1198b8180a7dca7d0c2b7d99e71ce6ga,e7f8b56333777507a946fbe0c9ede883FL,863432ad184f895640e76be17f071c93IQ,47cc14893729d92490cca48c1950ee9cFB
552256ad0e53f6ef8c9cd2d4e0fd3422bm,323e11ad5b703092e4e2ad838a772afbpW,5b29cc18abf54a312ba7a8113d8099cbIt,77abae05d766b6352bdda63f0ca9f475sr,858a4f9fe8fe6d337cf7e96943d20089qK,4e2248e96894a62bbd01d95aef86c72dAE
f195059b1e3b1ced1d42b17b35ab6fa8os,15dea4ef17be7dcdcd8d7be3a8e60268eA,7712f915b711819e0ea6173d71d04012ro,157e8af86d46541d5e713444ef480c99wB,85d34934b2f4280ebc6a9bc612472c65yE,cd5eb66f773dfbec96c93fe4d710b40atx
5124d728c1e9aa21c06f99953f1cb345sr,eeca747b2fa2c66140f17f88fad66fb7SB,ec3f404e7e04e259a543ec601a9f6099kG,8311e8d65b9678dfec8638ee7923c8f1ZE,37a99b95cbb8be90324a718370821d34UC,e5edb86b2f4fff1392f1989817ffd63dyx
024f9378244c77afb342d162dec5242eNG,efd693497548186ca15b6cd051804c32UX,04c26f94437c683d665b894696218457go,dfe6cf0d04a9ec579e80a0d01a524426dX,225ed1c43d3ea0edf29d9635c12054d5lM,c2c576291d16df8c2f9402eb9436e9b6jF
b24c4862cd987b80f3802ef657600dc9Rk,3b1198b8180a7dca7d0c2b7d99e71ce6ga,50c71c3ccff7ca9824fb8c5e174058deFo,268313cf43a6143c47f0311712acfb0eEh,af942f9bf32051b7f379995efca6a106Im,3399098e772a9668cd14c6282960e8ffkI
051ec5f0a1a024a25ac9c2707fba6f78Pg,bffb68a4a507af70753794996d1a1c50Iq,47cc14893729d92490cca48c1950ee9cFB,863432ad184f895640e76be17f071c93IQ,2048a4b3e03efb8aceeba7a0b5b165ddRu,1acc9f878314762b41517cdfe6ab0686oU
d8d529812a303150a9b164a7f1f8d684oq,b4dda9678a255ecabdbad5d4906c0ad0nm,47cc14893729d92490cca48c1950ee9cFB,e7f8b56333777507a946fbe0c9ede883FL,550a9ac4f39fc858908779dff2e867a0XI,1acc9f878314762b41517cdfe6ab0686oU
172e948226b5662e2471a348a3187f38Vk,e5c4d9d58fb2864354feedfe68240a06GR,061d5a9f8155e19655103d0ae4b76ff0ce,9e6013e3dca5e99b6ea059bc4694772czo,b39fc995a69041ea91f88793205f900ehi,28656f38c4dd81fb264079c60c31b8a8Te
60681dbe4e4b3156c51b9d0e6c9f25a8Yv,2adb8276c680fd383b7061c160485a7bzp,9170a61a9de08122b73dd44936422bc8VC,6ece17e46e0d1a31727ea99836a6112crO,6292a42c05f74c711d56841848419638XR,3eda195f286d441925c3315ed0fb58a2vY
2adb8276c680fd383b7061c160485a7bzp,60681dbe4e4b3156c51b9d0e6c9f25a8Yv,2f24ed5637f91a5162c4d31886ff2be9nN,9170a61a9de08122b73dd44936422bc8VC,6ece17e46e0d1a31727ea99836a6112crO,8025cd1c9b4fe2049038d2e5aa503f14Ot
d4741cf5392c7ef7b152ee6f3a9d04a1Lz,c820c6793d4067678ebd6784c6f768d6ef,aa652d7b7d765754921ab83e94b0230eez,2048a4b3e03efb8aceeba7a0b5b165ddRu,6474d624277270c6c57a8e7d1177cacdtQ,d9f429b9c373bef2ecf54ac73e4b7831SL
cca22b8a0809ae91a19e360acefa6a84ht,17eb1a2bdb071e0bb04d37a6d97c95abUo,f6f55a3ddf9f53700525425c7ab7abc2nX,8dbad29b62f76ced5785d473ef04e967Wv,f0454498b307ac2d12748e65f717c6a0Yn,cdc4df30fd34ddb522bf6770ea6ad492me
89630e36c7ab7a028bc29303e644e42azl,1e1a144106e8b31155d2db138e6bc2f8Ux,acd1c92663763cf287233591dcebeb72GX,f52abd2165139150001e35ec47d1ce58HH,09d9898b542a06022d0edb0decf408e2xi,de95ea6749b6e0c8282891ca04d36778Po
a572c5a31f2c8aa3110e97723ffd5d4fZN,676f17d89682ba4ac33fdcef5aa321a2nL,5afd3e1815c336d6a61326a92db7aca5HG,2999196bb719bf2e9dff335a60deec16CC,4afde260ec81a7a695e8f0520bc1556eao,005b2290249bed9e0a529f05029d536ehi
a4b650d5286b26b0e97f446509aba30fmT,f791d193705285239c7cc7a9a3cd4b31qp,f56d88870f36490b131e1c21b39ead36VZ,28a811a51bdd226a9476cae7ec3a30fdsi,dc46a9f8e707da98ecc9f75c5d8412f6ig,596b94c7028d878128ce6ae027bcefb9PX
3d1fb3098403d862198f3b68761cbf95KZ,19c51ee1515d431339e917e6e11127fezJ,f790d068502cfa3dbe54fb7cc93ffacfOH,6a526a67163636038830c42d84835f5bVW,1457f9ec0e36c66a7f2c6937288a30e8CD,51dd34fcb1d8984ee25b9e8c8fc8065aLS
5ddcf5a1c02d5ea1141548fac86f9213DX,14d7508540f67fe68f499f8d1c183027vC,0a4f17d16aa014717b3ba30a36822757nM,91181f4ef85bea30277ac25598e2f54bLq,4f69ee35bb3ceaf10106e4f0f84653d7vN,4453098dc5a579d22f79dcb867e8f91eNF
c6be36fb032324f9e073d419b91482b9LG,8311e8d65b9678dfec8638ee7923c8f1ZE,7d062dff5f38450d2c4e543a654dfee7nb,abfb9a2c48e42ac4ac59d656dbc04cf0VZ,0f6f1289a8da7b666c50341d261faa9dBd,cec3b760ad57f483ff671c1a75d13f5bxv
a9e0ec21245ea4e9b957952e5b99679cvy,07af41e79bd499119913c201f8c48fd1kO,be7aabc44a6dfb297ee37090e0b92135dg,4141c49d6728b7ed12334f8091433e67Hf,4d3dbb2ce2937a80ec7a0d6be74e05d3Uf,8ffbc8bacc2946432ef11ccad2903c47vY
91574e3c0c35b1f7d056477a5d268adbMw,de793dd4e5f17df6dd0882af21e67c8fOZ,502f341f8104cb01184e37bef609063biM,77cd192db683a5e31ae9dfcbc1ece960rE,e7592ba6835d043cb60cafaa068c38b6Ak,119a7eb24b555d2b311d2e5b9c7ad3c2Mx
792a8ca952149efb125687755042cc5eQb,e02285bf5335471124d1455b846d726bcd,03ff9d9b717fe97b916da0fee1a2041aWb,822bc1ec41bdcf330af0954d38477bfbbq,bf285f89a6accee7b84146a7c0743372or,a8096e3985e5838b3ed9c64301c0bc1ahS
7712f915b711819e0ea6173d71d04012ro,2f7eae64f93f264591f673d62ee8f2d5XG,157e8af86d46541d5e713444ef480c99wB,b5d2eca0229f720126665cc6cf820e11os,0965cc4206abd945fc1b56d95d9d1363QI,50c71c3ccff7ca9824fb8c5e174058deFo
bffb68a4a507af70753794996d1a1c50Iq,47cc14893729d92490cca48c1950ee9cFB,e7f8b56333777507a946fbe0c9ede883FL,1acc9f878314762b41517cdfe6ab0686oU,051ec5f0a1a024a25ac9c2707fba6f78Pg,550a9ac4f39fc858908779dff2e867a0XI
a277e795be8b52b5b899419dbaadf77fXg,687863facd95f34a82fb9076ee0ba62fVX,dc1df9de2d263f6da7500b4e698a4af3EN,5f19c4a94ff5d83dc8831e988e8c5f93rh,5f5849e3941066fb1656fd6b6f78dbebxV,52dd686e7bb63932da15bce81622d2f7rz
8a1d6d04947d279bfadc53ea597944eeBO,5e9132dcaca3a7c8219e5b7d5c86c852Tx,1b22c298fa2b490c53eb1f45271748b9Zn,c7ee0bcc9818e9b7fccd5cfb8f3ef69fZm,552256ad0e53f6ef8c9cd2d4e0fd3422bm,dc46a9f8e707da98ecc9f75c5d8412f6ig
438c87ad379772d91a2338a6901e23d1Ro,b7285c4b10e02ef12eebd120d0432aa2yV,2adb8276c680fd383b7061c160485a7bzp,80ccf00be21c79bf10b17a1981bf0aa3hp,f2055eb9e215dd19a870c30f810e4cdbCW,1aa6a0d7dabd9cabfe3c9508d94196e3js
57a856080bc80b466b1184533513ddfdBY,5f81d0990b0217fda3bcca3c6c75aeddsr,e06f66a18c2de42f9a01e3dcb013e0easm,c7ee0bcc9818e9b7fccd5cfb8f3ef69fZm,003e938689ebf587656886f742f51336YL,62fa6bc628b55cde8f5d9fe7e3a252e7uw
fa9021b463d89416e72d8174ac994dddbn,a74cddd52e56d14ed0d26980e3ab79b5vW,bf285f89a6accee7b84146a7c0743372or,cf98181c37e2d5a9ed3dba0a5be2ebdags,5d25f48da000a6a398b2e916e8994b70DY,03ff9d9b717fe97b916da0fee1a2041aWb
8e374238302036f34f62ab20a237a3abwK,273fbe2a8850ff52ee5bb047a66f2fb3Oi,3d2889189d8d21846d69b062d3bec05cHY,dc4ff0d1cb9d43f529b19a595455936bhm,a217db325ed9871e43fd636b8d281cbffj,91379a078218e7a02f89fd9677cce46cnM
70dbc3b0160525f14bbb817a0e470bbdyn,3069b959214566c82505cad16f88509ecQ,27cb973802e3b76b0c96511666fb6a45xz,c169881b44eeb17c310963f1f31a2864vx,c8a5f628a62a552ef3149c11b027d345mE,112a1fd33aa17f13990ba6bbfeddc4c7Fj
e1e9819f76f81ce70231555ce6e1064cru,82f6961ef2ab947c94e9df0c9c6f04b0fh,531425c06692b5cd9fc25d3570f91b58tO,b50fc274fa8e79d083f70718e954bc04oN,95f4679308269999bfdc603572edcddfyW,0e41e0e9074471576b126b5427fc66f5ar
e06f66a18c2de42f9a01e3dcb013e0easm,57a856080bc80b466b1184533513ddfdBY,c7ee0bcc9818e9b7fccd5cfb8f3ef69fZm,003e938689ebf587656886f742f51336YL,b7124e28050d22974fc8ea5cc61b8ad1id,2353f38140101e24cfd9dec496a20de8Ac
3a745f2ebc38acb40fa49b82c729c908fJ,119a7eb24b555d2b311d2e5b9c7ad3c2Mx,77cd192db683a5e31ae9dfcbc1ece960rE,5293d90d2465bd9c015b29516039e222ZS,6ecc6aa282f767438de221c5bd362cfccW,e7592ba6835d043cb60cafaa068c38b6Ak
61569997d52d27ba0d559a3aa380704dSs,89cf4646d04196235c4e03b32fe43adbLv,9fccae97f5b3c8869158ddeb1f1f9480zH,3155d89ac1ee4d6de0457937ebde71f1eI,a6ba2406841b6f7f67456fd05a3aa580wB,421efe1e059670c302f3fe2aacb8ce08rN
77cd192db683a5e31ae9dfcbc1ece960rE,119a7eb24b555d2b311d2e5b9c7ad3c2Mx,3a745f2ebc38acb40fa49b82c729c908fJ,de793dd4e5f17df6dd0882af21e67c8fOZ,502f341f8104cb01184e37bef609063biM,91574e3c0c35b1f7d056477a5d268adbMw
c16a2d1c9e684c869927ef71c6a676a8DG,65912f564acd57a1aa8f7a784225ee5bPN,aa652d7b7d765754921ab83e94b0230eez,f4d163a8c601f529869974551adfefc8PY,a8f0de4b2ecd3752ab2c35059a8fc9b1yt,9d52b7a08d20b15a5ed23b599da35f46qD
1acc9f878314762b41517cdfe6ab0686oU,550a9ac4f39fc858908779dff2e867a0XI,2048a4b3e03efb8aceeba7a0b5b165ddRu,47cc14893729d92490cca48c1950ee9cFB,bffb68a4a507af70753794996d1a1c50Iq,b4dda9678a255ecabdbad5d4906c0ad0nm
48d3f97d354dd1ed25ba2a1bf472509aur,5b9a02673f326d275f9549acf10ec741Za,237bcae2ff458a8dff118fdf36dc6aa4et,28af192025130fefa197ce797b6a20b7Da,d8bd5d501961eb7b43d536803df6dd98KY,8cc9f45b668162ac01ad5832a4adb7c0Uv
5f21f2662368c51b3c5be85663a899c9nw,5bbdc32a916bd7b01271e3644bf86083OD,efc30669d839a363aa7ddf51cf53f961YP,7074bb6bd542f4b8141ffe5ea542e08bto,5ca0e762bdcf1767cacc47634e9ba75fUp,5d25f48da000a6a398b2e916e8994b70DY
82bbde9bcdca9863ac8f2cdb01663682Lo,79977d206c55c53546e52e9a1e8f9c14qP,112a1fd33aa17f13990ba6bbfeddc4c7Fj,27839c7e34ae4b3c0008dc0f38bed312HO,15d3753085d386f193e30f663a2137a2iY,3bb33fce4818ece3d3df801d0d8705b5WJ
f2055eb9e215dd19a870c30f810e4cdbCW,80ccf00be21c79bf10b17a1981bf0aa3hp,62fa6bc628b55cde8f5d9fe7e3a252e7uw,438c87ad379772d91a2338a6901e23d1Ro,f0a522cf7bd8ad824343ec22c3bdd837CD,0a8c3c3a5325f73d75dd7bf40db66cf7ka
efd693497548186ca15b6cd051804c32UX,024f9378244c77afb342d162dec5242eNG,04c26f94437c683d665b894696218457go,225ed1c43d3ea0edf29d9635c12054d5lM,35407f0e0482a6112ed5b30d62eb907fbk,dfe6cf0d04a9ec579e80a0d01a524426dX
1f960c9ee4b3ffaf1c8321060172473eVY,6add08921129256cd7d0ed1077e7adbeJe,3399098e772a9668cd14c6282960e8ffkI,6e7dd86aa020c1ee7d9375447e65f818DR,6d928dc48ff657dd96b519993537e294Ln,b51eaa91d54c8b1c938955118b9e733bwn
64577f2239127f782d6da8d799b8b1e5Zr,e7c9529b9b1ef53de47927698393bd8cBp,5ad6640a2c18f2ebfce19afde792e20aLl,9c5781126a8873479913872b17a03155Dx,a700cd2d00afe8a4c9daf3875f9fd159zm,e910b8d7a6764b17aed214a94e3e0e66uy
50c71c3ccff7ca9824fb8c5e174058deFo,756cd16c85e478f0200f2525a9c4b91bhc,b24c4862cd987b80f3802ef657600dc9Rk,bbbab0e06618f9dd4edbef1a6a7a7ce7xV,2f7eae64f93f264591f673d62ee8f2d5XG,b633d1583bf95cfc687a8b715c7f1f7cfX
145573f224da6aac4fdd42934ae73a13mL,7a7700a555771fd46230a38f7186a885bU,8d19671dfcd55924e63e777e00eaf196eA,b64b0ef4fe04490cfcdcf65f98049e5bef,ec32b0be58a031fd46d5a0521d56243cIm,42979970aa4341050996f71d3a9fa37fCW
b5907cbbfcbbe0f26d91a2030dd54a7bIh,807b56237595f3033404971c1dd6268auS,7c03a22e410633e6ed7f8c9cbc1fddbeYW,f56d88870f36490b131e1c21b39ead36VZ,54cc3f796ec73e1ccff5052b560892f0yM,ee15c48e9691f58c51128699fa5e183abH
5306f2a4a8c64335fe9190a48fb4ab08GS,026775d1dfdf605833c846b408ab364bkz,0a7a9ad07607a902537c5ebac5273b98kQ,c44c1a34383b74d9daf871d5c45df85fIR,39312de6b4da971b49a69a7695fbd332hH,30565f9297f0a2ca47d53446e8155e2flV
d669436e131961c0873228a725197ed5eg,5885e505d8db2684a10a3356f98970feNB,1f9f677672ff272b529bc4fef60e6347hA,42979970aa4341050996f71d3a9fa37fCW,0233b44c3d007ada9780f4630c83feb6cd,82bbde9bcdca9863ac8f2cdb01663682Lo
237bcae2ff458a8dff118fdf36dc6aa4et,48d3f97d354dd1ed25ba2a1bf472509aur,5b9a02673f326d275f9549acf10ec741Za,e645392e73d91a41a9c37129da1ad0dbUx,8cc9f45b668162ac01ad5832a4adb7c0Uv,6c83d50fd093d004a23284c673e2bf45Zw
3f3dec5b9f3e1bf35e1795763e33c2adqz,34ae4557c304364c62308c78a32b9d66xj,74f4e3ebfefd13de069bfa44d7446edeVx,0ec402579ef6d7c3defa2499abfd8ccfDJ,dc1e9eb9011a4e9585e4be0aac7e8cc0fB,8dbad29b62f76ced5785d473ef04e967Wv
354b5568589d658c7c40d297a6a03b7eOu,317f93c868b064ae49cf76b970ffcfd0br,66fdee142327ea987ec9435f712f0192FI,6c5ee49f8f3fd199c73aa22fc6be5b82oS,f0a522cf7bd8ad824343ec22c3bdd837CD,80ccf00be21c79bf10b17a1981bf0aa3hp
858a4f9fe8fe6d337cf7e96943d20089qK,fc3e3bb54160df0ce6c7719389bd8976aT,4e2248e96894a62bbd01d95aef86c72dAE,bede4eeee09d1afdc59e792a304f6530Xi,3eda195f286d441925c3315ed0fb58a2vY,89630e36c7ab7a028bc29303e644e42azl
af942f9bf32051b7f379995efca6a106Im,268313cf43a6143c47f0311712acfb0eEh,82bf606b23d3253b865c68efba4458bcKM,51dd34fcb1d8984ee25b9e8c8fc8065aLS,527f12046bd95998116ae44932dbeaa2Jj,b24c4862cd987b80f3802ef657600dc9Rk
7a7700a555771fd46230a38f7186a885bU,5885e505d8db2684a10a3356f98970feNB,8d19671dfcd55924e63e777e00eaf196eA,145573f224da6aac4fdd42934ae73a13mL,42979970aa4341050996f71d3a9fa37fCW,d669436e131961c0873228a725197ed5eg
a6ba2406841b6f7f67456fd05a3aa580wB,27da97910d5f0f79fc74dbbad1fe7854IE,8a1d6d04947d279bfadc53ea597944eeBO,61569997d52d27ba0d559a3aa380704dSs,7a3aaba40a658ad3a63f7f6e866d0f93lT,6d50a14ee87f8984264ea68a122b3ae9ps
d220eeb7238dcdb06883a58ad71914a6VJ,646cec751bccfd48dd50020dc2de7e88ns,82244aa4a582799cec1d24a8dc46e27dFT,d9f429b9c373bef2ecf54ac73e4b7831SL,181d0a433a41225456eac0783227d06dMJ,9d660c7c4361080a1d764fb8140b5079zx
8025cd1c9b4fe2049038d2e5aa503f14Ot,939bd39b758334a9030232ca12ab2e81bs,71b07ac56ff5303feecfe743c856ecd8jr,a4109b9c3bf9fe3c81b83bb050db02aeNm,161d0f386f95f2c81954109e33f07191Ql,875263afa0cf88c152410b2df7897cf2lt
181d0a433a41225456eac0783227d06dMJ,9d660c7c4361080a1d764fb8140b5079zx,d9f429b9c373bef2ecf54ac73e4b7831SL,65912f564acd57a1aa8f7a784225ee5bPN,7d6b52017e58449ee644979d3ca26e3ccY,aa652d7b7d765754921ab83e94b0230eez
65912f564acd57a1aa8f7a784225ee5bPN,9d660c7c4361080a1d764fb8140b5079zx,a8f0de4b2ecd3752ab2c35059a8fc9b1yt,c16a2d1c9e684c869927ef71c6a676a8DG,181d0a433a41225456eac0783227d06dMJ,f4d163a8c601f529869974551adfefc8PY
4d3dbb2ce2937a80ec7a0d6be74e05d3Uf,1896702325cd9faeb5028da0562d396eUp,bdc3af2ad806c8e81af071207443b002hQ,a9e0ec21245ea4e9b957952e5b99679cvy,24176bd78dfeab8bcebc233891d488edYd,8ffbc8bacc2946432ef11ccad2903c47vY
b2ba87746d1a89ef6a1d8d8f1a04000fxu,57b4fbaa837986c723ebdc6944b2a4aeWU,89b4eddc181a12d73e83fac13654fe82oy,161c5d477dc983b7625e0e1efeb6734bwE,f25e8a552a920ca8fa82486afc675f28ai,5ad6640a2c18f2ebfce19afde792e20aLl
4ff798059b5eed5c85da95c7bb0c0205NE,b39fc995a69041ea91f88793205f900ehi,a7d016fd0f555d00d3af5c54b40a0384hk,172e948226b5662e2471a348a3187f38Vk,28656f38c4dd81fb264079c60c31b8a8Te,c2d067b83ffd006ba0e4271938cca897Et
b459f2a448b3b177093919075c76df3fAW,c6cd63765d6df89765266645196f73e8hg,9865a49e57bfe8c2ccc8da3d317cd567JS,178758937861b72662e06a49a67c3744QZ,170eaab0b17213d28246a4a663cec0d4aD,154c78b05d834f84601bd05a7ac4a333Wh
5885e505d8db2684a10a3356f98970feNB,d669436e131961c0873228a725197ed5eg,42979970aa4341050996f71d3a9fa37fCW,1f9f677672ff272b529bc4fef60e6347hA,7a7700a555771fd46230a38f7186a885bU,0233b44c3d007ada9780f4630c83feb6cd
ffa4542fb90e942f30ba784edb604993gi,33d0f4243ae442527f2b29a7d7146fabrv,d77997be69133aa7af4aed14fb1afeecvi,db217dbaa710b829930dc7122cd46b10og,bfe481a14a960d4db2e8158cd491f4e4oB,136e9ccc57655b5d17532153a2812f95KX
42ffe6c9f6c0260b93237ac0762694f6Zd,bfe481a14a960d4db2e8158cd491f4e4oB,c02d97ac1db456c535435d45ddf2e789Us,e54e2226e9f71bbde9fc7cae836eae45uO,8ff1f9b314e881894d270c4d269b8c58xV,3c20f3990744e18983993a9ac13493abqo
6474d624277270c6c57a8e7d1177cacdtQ,225ed1c43d3ea0edf29d9635c12054d5lM,1acc9f878314762b41517cdfe6ab0686oU,2048a4b3e03efb8aceeba7a0b5b165ddRu,550a9ac4f39fc858908779dff2e867a0XI,d828393a1f42ac84984de9bce10f46acju
9d660c7c4361080a1d764fb8140b5079zx,65912f564acd57a1aa8f7a784225ee5bPN,181d0a433a41225456eac0783227d06dMJ,d9f429b9c373bef2ecf54ac73e4b7831SL,c16a2d1c9e684c869927ef71c6a676a8DG,a8f0de4b2ecd3752ab2c35059a8fc9b1yt
e1d1a2b35b4e4846b34a2f0549efc56bKd,6692cae33cbeec4a2255f8d5448d98cckj,27839c7e34ae4b3c0008dc0f38bed312HO,79977d206c55c53546e52e9a1e8f9c14qP,ace44eba94cb538e68bd01c3b08943b0zm,1edafa02323a48bacebb4f8cbc459f89os
4afde260ec81a7a695e8f0520bc1556eao,8ac8fbc023ca685137c8c1d655165b2dvL,fce150990059eebabfb66081c27116bblr,17885aae1b5cd10cdec570c0065d6839mC,9b2e462e65329df7de0a57ca99a1305bIi,a572c5a31f2c8aa3110e97723ffd5d4fZN
5e9132dcaca3a7c8219e5b7d5c86c852Tx,f791d193705285239c7cc7a9a3cd4b31qp,1b22c298fa2b490c53eb1f45271748b9Zn,dc46a9f8e707da98ecc9f75c5d8412f6ig,552256ad0e53f6ef8c9cd2d4e0fd3422bm,323e11ad5b703092e4e2ad838a772afbpW
2df5bd99422fcc772154210092696df1Xx,cf98181c37e2d5a9ed3dba0a5be2ebdags,7e4691ac194ff1d3fdccf5a06ac224e4YZ,bf285f89a6accee7b84146a7c0743372or,5d25f48da000a6a398b2e916e8994b70DY,d1a6a2c733ceba4afab5abfe6eaad2edeP
34df2768d51365ed1fde0b25a1b1749bNg,9a6777ec82cd970895167e715f0d846ayp,7964613a1c6f2d3cb9d015ffe8bafb95Wt,cfb532a78c0f19930699417a26ffa1actL,296fe234da0fe396b3581329501bba5bbg,676f17d89682ba4ac33fdcef5aa321a2nL
5df22ac5e4ad35250d596422fa23a4e7eQ,5486d160b601c243783ceb4bf3e3ed60jr,17440a845e1e77c1ed14c5a69ec90569Xo,0840be926d8e3353a999267749e55081wa,d06ac97e4f0f1e99976e8a175c4fbd3fWb,86e6a9bbf79ee9c5f364b66d9bdec44bSh
527f12046bd95998116ae44932dbeaa2Jj,268313cf43a6143c47f0311712acfb0eEh,af942f9bf32051b7f379995efca6a106Im,f790d068502cfa3dbe54fb7cc93ffacfOH,b24c4862cd987b80f3802ef657600dc9Rk,1457f9ec0e36c66a7f2c6937288a30e8CD
9d52b7a08d20b15a5ed23b599da35f46qD,f4d163a8c601f529869974551adfefc8PY,aa652d7b7d765754921ab83e94b0230eez,7d6b52017e58449ee644979d3ca26e3ccY,c16a2d1c9e684c869927ef71c6a676a8DG,48d16b87d7f38d7c5622421e77aafdbclI
db217dbaa710b829930dc7122cd46b10og,ffa4542fb90e942f30ba784edb604993gi,d77997be69133aa7af4aed14fb1afeecvi,136e9ccc57655b5d17532153a2812f95KX,ba2ae5388b7dd84b76740fe1ef6fae93Ef,33d0f4243ae442527f2b29a7d7146fabrv
cec3b760ad57f483ff671c1a75d13f5bxv,c44c1a34383b74d9daf871d5c45df85fIR,a8f0de4b2ecd3752ab2c35059a8fc9b1yt,7d062dff5f38450d2c4e543a654dfee7nb,30565f9297f0a2ca47d53446e8155e2flV,b8edf754a7c0a57d2f13ff34d17bbd31LE
7c219d38f646b5bbac1c310be021f444bn,52dd686e7bb63932da15bce81622d2f7rz,be7aabc44a6dfb297ee37090e0b92135dg,07af41e79bd499119913c201f8c48fd1kO,a9e0ec21245ea4e9b957952e5b99679cvy,dc1df9de2d263f6da7500b4e698a4af3EN
7e9bdf6a06b0b00b31a5b7d1464a8652nf,acd1c92663763cf287233591dcebeb72GX,ef197b74d4db15a2b222a4c587807553EN,935462fe67e7f06e9ec805ac47732d62pG,f52abd2165139150001e35ec47d1ce58HH,aa5e5d943b6dc10091011f7f8e6d8bc6cw
03af2f03520cc54451b3c3d1cd42aabfgi,0694e9b949bb34e23508a569c1caa938id,4bc9a066f73000094540599ad83e6074Wn,777ffb2a20d200ac261ba86d8d632035dR,ccda91da207371bee193ca2905b0ea2eOx,60f35cd5592bc7c6ef047a572ab20b10Cp
22a2a65c1e8677f47be55cd6e7672311pH,dc4df1f4560ca4fd32a5dfcd8f115d21Lx,ac1651a50de03698903b5e7451f79526nm,7533af0755412eae141e801b9d3bf9a3gw,258d62351d9b9767eb1d88be9ef58df3mw,718593002fabb71e5af9de762636b9c0CI
d34af353225b4621bb6bae0001eadbb1ho,0a3f8b96114dbe73aa439f51411c8e72dm,872158214b89efdacbc29aca69239877uh,feca0b51c983f14bf715235be1cb378boQ,e18f8cdbd88783ff2965271bcc05bed0gK,b7285c4b10e02ef12eebd120d0432aa2yV
8da13f83e8ff754d72cd9b48f212435atK,50bcad9787140cece2bff6319c6ad9aaaM,9004e1a48b485566c169c7a2db5eb71bht,6190e04047f25b177ef12b7398396d4bxo,27614ed7fc171099fb8c98edecda7b0foC,ec3f404e7e04e259a543ec601a9f6099kG
1896702325cd9faeb5028da0562d396eUp,4d3dbb2ce2937a80ec7a0d6be74e05d3Uf,bdc3af2ad806c8e81af071207443b002hQ,24176bd78dfeab8bcebc233891d488edYd,a9e0ec21245ea4e9b957952e5b99679cvy,8ffbc8bacc2946432ef11ccad2903c47vY
80f72adabe9617c7364a0a330988d78aJu,a4109b9c3bf9fe3c81b83bb050db02aeNm,9642436fe9429528f86a1e6b2475a431Ve,23c79d0de6b0bac0fce23f001f4c8daeir,939bd39b758334a9030232ca12ab2e81bs,71b07ac56ff5303feecfe743c856ecd8jr
8da51259c8d859c133339aa3978e0bebhU,35407f0e0482a6112ed5b30d62eb907fbk,6b79bb6fc17ca86e385be89e886a878cjR,efd693497548186ca15b6cd051804c32UX,dd93891925d6f7b5d955ca1230f41d23Fd,024f9378244c77afb342d162dec5242eNG
0ec402579ef6d7c3defa2499abfd8ccfDJ,8dbad29b62f76ced5785d473ef04e967Wv,74f4e3ebfefd13de069bfa44d7446edeVx,f0454498b307ac2d12748e65f717c6a0Yn,3f3dec5b9f3e1bf35e1795763e33c2adqz,34ae4557c304364c62308c78a32b9d66xj
780db4e252fc73f39008848581b82ec7WT,2c1c874469295bb84d33f7f88e38b324dy,e4fbf7eb36230d013e4381fe230e1832tm,c99041219e873c2c09c72d92f365f345dg,f6f55a3ddf9f53700525425c7ab7abc2nX,5f19c4a94ff5d83dc8831e988e8c5f93rh
a0a1f7d3529b53ce737ec9cb42262507MG,f43fb78c4880de8cdcf9d889795b85c3WY,b81299ba4af58ca99d93d320f67e4ac1ak,1896702325cd9faeb5028da0562d396eUp,875111d32951f437bf1437484a039a03pj,be7aabc44a6dfb297ee37090e0b92135dg
85f77b670d155f433b8a3cdf718f8efaht,6c5ee49f8f3fd199c73aa22fc6be5b82oS,eb2a7b3d4d04edc8bb4cf79c902e2443Ur,a217db325ed9871e43fd636b8d281cbffj,813c1397100e0311342c31ae82f1e9c0ma,7fff29e742af07dc2762cdcda4608467MO
d06ac97e4f0f1e99976e8a175c4fbd3fWb,5df22ac5e4ad35250d596422fa23a4e7eQ,eeca747b2fa2c66140f17f88fad66fb7SB,5486d160b601c243783ceb4bf3e3ed60jr,86e6a9bbf79ee9c5f364b66d9bdec44bSh,5124d728c1e9aa21c06f99953f1cb345sr
efc30669d839a363aa7ddf51cf53f961YP,5ca0e762bdcf1767cacc47634e9ba75fUp,5bbdc32a916bd7b01271e3644bf86083OD,5f21f2662368c51b3c5be85663a899c9nw,50bcad9787140cece2bff6319c6ad9aaaM,f5f90482f4a9a35d26dffd58b108c52ctB
530a0fc7ce508f327fd5f6f7f1baa0e0BD,011a268da4d8fc2ef53e28ef15709ae2lD,793bc9976d51933796be904bb690d5cfwy,fc3e3bb54160df0ce6c7719389bd8976aT,4e2248e96894a62bbd01d95aef86c72dAE,bede4eeee09d1afdc59e792a304f6530Xi
07af41e79bd499119913c201f8c48fd1kO,4141c49d6728b7ed12334f8091433e67Hf,a9e0ec21245ea4e9b957952e5b99679cvy,0e700c39da2d281634ea41e3ed2a25f6kJ,1211d6e446b5ca2758480dd11de23501Va,7c219d38f646b5bbac1c310be021f444bn
1e1a144106e8b31155d2db138e6bc2f8Ux,89630e36c7ab7a028bc29303e644e42azl,bede4eeee09d1afdc59e792a304f6530Xi,f52abd2165139150001e35ec47d1ce58HH,acd1c92663763cf287233591dcebeb72GX,3eda195f286d441925c3315ed0fb58a2vY
47cc14893729d92490cca48c1950ee9cFB,bffb68a4a507af70753794996d1a1c50Iq,e7f8b56333777507a946fbe0c9ede883FL,b4dda9678a255ecabdbad5d4906c0ad0nm,1acc9f878314762b41517cdfe6ab0686oU,550a9ac4f39fc858908779dff2e867a0XI
7a3aaba40a658ad3a63f7f6e866d0f93lT,3be3c17c76447be6f22b5a7fc3eee10avb,473a3740ddf3fbd3fd83726d2cafe70dxp,ba2ae5388b7dd84b76740fe1ef6fae93Ef,724979c7aca0f203024e5cfc80875885sO,3c20f3990744e18983993a9ac13493abqo
bfe0f91921c7060a56cfd0b00cd98088Yy,e8b1fd6fc98a46791af1eafeb97d65f8uk,a2fd3ed46d59841b1368b4cef7ac3145GA,30f46075bdb6167b341c86ea00fa1503So,9865a49e57bfe8c2ccc8da3d317cd567JS,495a20cc2edcbbbea1fd8c5f9955a5dbYD
ccda91da207371bee193ca2905b0ea2eOx,03af2f03520cc54451b3c3d1cd42aabfgi,777ffb2a20d200ac261ba86d8d632035dR,0694e9b949bb34e23508a569c1caa938id,4f4b8827b112e3f315e4fc79f4c85605aP,79c017e6cfd9ad166e208c8f2e5a441fmD
9a83ce43a9134fc33324aeef92aa4427Ac,aed5a58de988ccb813a2b64c45b9b85aqY,243d3773a2043eebadeea2082fe996a4YX,e1d1a2b35b4e4846b34a2f0549efc56bKd,de671cd5c52f786f06daa0c40bb7a4fasU,6692cae33cbeec4a2255f8d5448d98cckj
cd5eb66f773dfbec96c93fe4d710b40atx,4cecda1839b9a0a60ef7b2b2745cd185ad,b78f1a3cc5d1c196e45d7bff3206737eTK,b5d2eca0229f720126665cc6cf820e11os,cace82016505f7cf13d50bc15f0b8e98Eg,82bf606b23d3253b865c68efba4458bcKM
550a9ac4f39fc858908779dff2e867a0XI,1acc9f878314762b41517cdfe6ab0686oU,47cc14893729d92490cca48c1950ee9cFB,2048a4b3e03efb8aceeba7a0b5b165ddRu,b4dda9678a255ecabdbad5d4906c0ad0nm,bffb68a4a507af70753794996d1a1c50Iq
6c96fec9e7cacc2b49823c58507282b1ou,e4fbf7eb36230d013e4381fe230e1832tm,b59bbe518e7ecdcdbf5a0f2b5a9c9010bp,34ae4557c304364c62308c78a32b9d66xj,1c8fda6b9e8474d63e4d15441c94084aiq,8dbad29b62f76ced5785d473ef04e967Wv
b5d2eca0229f720126665cc6cf820e11os,24237f3444bfd09956b3a34587137057Pe,cab5b67981d40ae065b5a0ad14d2212dVE,b80ea00654e32b47e41ff773b9749c16bX,9db5c62dfb6608be54a514784451d79fGI,28656f38c4dd81fb264079c60c31b8a8Te
676f17d89682ba4ac33fdcef5aa321a2nL,5afd3e1815c336d6a61326a92db7aca5HG,2999196bb719bf2e9dff335a60deec16CC,7964613a1c6f2d3cb9d015ffe8bafb95Wt,a572c5a31f2c8aa3110e97723ffd5d4fZN,34df2768d51365ed1fde0b25a1b1749bNg
8ffbc8bacc2946432ef11ccad2903c47vY,feca0b51c983f14bf715235be1cb378boQ,d34af353225b4621bb6bae0001eadbb1ho,4141c49d6728b7ed12334f8091433e67Hf,872158214b89efdacbc29aca69239877uh,a9e0ec21245ea4e9b957952e5b99679cvy
afb40c3b7315db4e96ce956a9fdee0acHC,34ae4557c304364c62308c78a32b9d66xj,dc1e9eb9011a4e9585e4be0aac7e8cc0fB,cca22b8a0809ae91a19e360acefa6a84ht,3f3dec5b9f3e1bf35e1795763e33c2adqz,7a25d244a83b21ebe4309ee2f3a1cd9bcd
9a6777ec82cd970895167e715f0d846ayp,cfb532a78c0f19930699417a26ffa1actL,34df2768d51365ed1fde0b25a1b1749bNg,296fe234da0fe396b3581329501bba5bbg,1457f9ec0e36c66a7f2c6937288a30e8CD,7964613a1c6f2d3cb9d015ffe8bafb95Wt
42979970aa4341050996f71d3a9fa37fCW,5885e505d8db2684a10a3356f98970feNB,d669436e131961c0873228a725197ed5eg,044f23ccde80c4e10c815baaefaea481bZ,1f9f677672ff272b529bc4fef60e6347hA,7a7700a555771fd46230a38f7186a885bU
80ccf00be21c79bf10b17a1981bf0aa3hp,f2055eb9e215dd19a870c30f810e4cdbCW,95d0a4d332d5246ee47d6aa1d0ecf46bHn,438c87ad379772d91a2338a6901e23d1Ro,62fa6bc628b55cde8f5d9fe7e3a252e7uw,f9456856ae0ccdaafc3de2ffaf1c36c9vU
7e4691ac194ff1d3fdccf5a06ac224e4YZ,cf98181c37e2d5a9ed3dba0a5be2ebdags,2df5bd99422fcc772154210092696df1Xx,d1a6a2c733ceba4afab5abfe6eaad2edeP,5d25f48da000a6a398b2e916e8994b70DY,7074bb6bd542f4b8141ffe5ea542e08bto
0965cc4206abd945fc1b56d95d9d1363QI,7712f915b711819e0ea6173d71d04012ro,54412a93d61d1a4960ec6a7e2c789002pr,2f7eae64f93f264591f673d62ee8f2d5XG,4a5b9788d3a6f0921cb875dc25cc9038Qi,b5d2eca0229f720126665cc6cf820e11os
35407f0e0482a6112ed5b30d62eb907fbk,efd693497548186ca15b6cd051804c32UX,225ed1c43d3ea0edf29d9635c12054d5lM,d828393a1f42ac84984de9bce10f46acju,8da51259c8d859c133339aa3978e0bebhU,024f9378244c77afb342d162dec5242eNG
66fdee142327ea987ec9435f712f0192FI,354b5568589d658c7c40d297a6a03b7eOu,4e00367dd4e04e86675ee7b1e016e16can,17a77fc49ea8adacb3c7850b87c55e09zE,c7c55c16d01363df22b3dd00cb7d0255ZN,875111d32951f437bf1437484a039a03pj
4e2248e96894a62bbd01d95aef86c72dAE,858a4f9fe8fe6d337cf7e96943d20089qK,fc3e3bb54160df0ce6c7719389bd8976aT,552256ad0e53f6ef8c9cd2d4e0fd3422bm,323e11ad5b703092e4e2ad838a772afbpW,3eda195f286d441925c3315ed0fb58a2vY
6ecc6aa282f767438de221c5bd362cfccW,b6ca61f29694b500e06ccc239de24b6eZf,5293d90d2465bd9c015b29516039e222ZS,77cd192db683a5e31ae9dfcbc1ece960rE,3a745f2ebc38acb40fa49b82c729c908fJ,119a7eb24b555d2b311d2e5b9c7ad3c2Mx
be7aabc44a6dfb297ee37090e0b92135dg,a9e0ec21245ea4e9b957952e5b99679cvy,52dd686e7bb63932da15bce81622d2f7rz,7c219d38f646b5bbac1c310be021f444bn,4141c49d6728b7ed12334f8091433e67Hf,c5561619aa936e00b18f3b0266f8729eAE
2c1c874469295bb84d33f7f88e38b324dy,dc1df9de2d263f6da7500b4e698a4af3EN,780db4e252fc73f39008848581b82ec7WT,5f19c4a94ff5d83dc8831e988e8c5f93rh,b59bbe518e7ecdcdbf5a0f2b5a9c9010bp,52dd686e7bb63932da15bce81622d2f7rz
bc392b4f32296a0b283b1e40f74e7073EZ,266fca6f1dfcf0aa7abc984879d82661Rz,311121e441f8c6129383a0e6b10236c0ht,15dea4ef17be7dcdcd8d7be3a8e60268eA,1607816ce60c9f486fc65fe4bcb1236dtq,cfb532a78c0f19930699417a26ffa1actL
7964613a1c6f2d3cb9d015ffe8bafb95Wt,34df2768d51365ed1fde0b25a1b1749bNg,676f17d89682ba4ac33fdcef5aa321a2nL,5afd3e1815c336d6a61326a92db7aca5HG,296fe234da0fe396b3581329501bba5bbg,6a526a67163636038830c42d84835f5bVW
9d5de4703b7bbeeee887516369b2920bZt,109a64722fbcb2aa2b4b25c40db5e8ddwF,95af3c94f8a12b531bfe9b40a8a421c6Kd,7d6b52017e58449ee644979d3ca26e3ccY,48d16b87d7f38d7c5622421e77aafdbclI,0a7a9ad07607a902537c5ebac5273b98kQ
b7285c4b10e02ef12eebd120d0432aa2yV,feca0b51c983f14bf715235be1cb378boQ,fec21d6d83ecc4119ad6d7b6cdeeea75ak,87fe44ba3a8c592927008d5b4df6e06fUf,0a3f8b96114dbe73aa439f51411c8e72dm,d34af353225b4621bb6bae0001eadbb1ho
a8f0de4b2ecd3752ab2c35059a8fc9b1yt,65912f564acd57a1aa8f7a784225ee5bPN,c16a2d1c9e684c869927ef71c6a676a8DG,cec3b760ad57f483ff671c1a75d13f5bxv,c44c1a34383b74d9daf871d5c45df85fIR,8d8b1ca0006e48e9cbf3097777cdcae3vl
807b56237595f3033404971c1dd6268auS,b5907cbbfcbbe0f26d91a2030dd54a7bIh,54cc3f796ec73e1ccff5052b560892f0yM,7c03a22e410633e6ed7f8c9cbc1fddbeYW,ee15c48e9691f58c51128699fa5e183abH,f0e683b6ff1bd7b0842439b28bb42948ji
3658c1f68a8e1f1a51d6baff2fe7539bON,07a80122949423d996852ce1ad61fb41XL,e6c76cc378e1665f290f2fd0d64ee80bOx,a4eff98014ec463ec54490a120fc52d4cz,89b4eddc181a12d73e83fac13654fe82oy,6d928dc48ff657dd96b519993537e294Ln
b78f1a3cc5d1c196e45d7bff3206737eTK,6bf64b029019f91bd9c05dad47615b7fML,6b21dc8d62fe0f2217444f0d4d3b45d5Ov,d97b0b287ae676e1ab9e671aeb5da664YK,24237f3444bfd09956b3a34587137057Pe,b5d2eca0229f720126665cc6cf820e11os
dfe6cf0d04a9ec579e80a0d01a524426dX,c2c576291d16df8c2f9402eb9436e9b6jF,2df5bd99422fcc772154210092696df1Xx,bf285f89a6accee7b84146a7c0743372or,7e4691ac194ff1d3fdccf5a06ac224e4YZ,cf98181c37e2d5a9ed3dba0a5be2ebdags
112a1fd33aa17f13990ba6bbfeddc4c7Fj,15d3753085d386f193e30f663a2137a2iY,3bb33fce4818ece3d3df801d0d8705b5WJ,79977d206c55c53546e52e9a1e8f9c14qP,14048d07f6236aea0f8b7b390d680e7blh,82bbde9bcdca9863ac8f2cdb01663682Lo
935462fe67e7f06e9ec805ac47732d62pG,7e9bdf6a06b0b00b31a5b7d1464a8652nf,ef197b74d4db15a2b222a4c587807553EN,f52abd2165139150001e35ec47d1ce58HH,74d79153330a9c5085b0b839e36516e2Ts,acd1c92663763cf287233591dcebeb72GX
9642436fe9429528f86a1e6b2475a431Ve,a4109b9c3bf9fe3c81b83bb050db02aeNm,23c79d0de6b0bac0fce23f001f4c8daeir,fd55d801c8d17e6602b0d38428637660cA,ef197b74d4db15a2b222a4c587807553EN,80f72adabe9617c7364a0a330988d78aJu
62c341afd686626e372fcfdfc6091dd7RX,777ffb2a20d200ac261ba86d8d632035dR,002ae8d10c5ec26fae90a0976f72eacfoE,4084d6a04d02d04ad1d356663dd52451GM,f4b9bbc70d62642aad172544b3ebaba5dV,60f35cd5592bc7c6ef047a572ab20b10Cp
6389c46660ea99da632ad81ac5a0ce95El,de3406631ae68a3a3a281e4790d2a788qW,27614ed7fc171099fb8c98edecda7b0foC,63efdd3907deb5fa3028501c7451b124Yp,ec3f404e7e04e259a543ec601a9f6099kG,70fa4268f3370de14a38e004d6378026tw
9170a61a9de08122b73dd44936422bc8VC,60681dbe4e4b3156c51b9d0e6c9f25a8Yv,3eda195f286d441925c3315ed0fb58a2vY,161d0f386f95f2c81954109e33f07191Ql,323e11ad5b703092e4e2ad838a772afbpW,2adb8276c680fd383b7061c160485a7bzp
26d3b659f1d35467a7bfed4445fa9d5bEh,6b21dc8d62fe0f2217444f0d4d3b45d5Ov,718593002fabb71e5af9de762636b9c0CI,65deacc3542293b48665da2ca78c52fcUo,d97b0b287ae676e1ab9e671aeb5da664YK,ad9066e28ff82a0711c2feb8f7bef627Yc
d8bd5d501961eb7b43d536803df6dd98KY,48d3f97d354dd1ed25ba2a1bf472509aur,5b9a02673f326d275f9549acf10ec741Za,08feb189d9de6d0bee96d46f6d81197bCl,9c5781126a8873479913872b17a03155Dx,ed8f48a9fecf2a12196bcfd8d9602f62QR
d9f429b9c373bef2ecf54ac73e4b7831SL,181d0a433a41225456eac0783227d06dMJ,9d660c7c4361080a1d764fb8140b5079zx,646cec751bccfd48dd50020dc2de7e88ns,7a735654c2d60385bd16d1f84a524371Ol,2048a4b3e03efb8aceeba7a0b5b165ddRu
323e11ad5b703092e4e2ad838a772afbpW,552256ad0e53f6ef8c9cd2d4e0fd3422bm,9170a61a9de08122b73dd44936422bc8VC,3eda195f286d441925c3315ed0fb58a2vY,5b29cc18abf54a312ba7a8113d8099cbIt,161d0f386f95f2c81954109e33f07191Ql
a77c57d9f2abbc5d9a0aaf7a3fb63be6DV,f9456856ae0ccdaafc3de2ffaf1c36c9vU,9cdd14f43a86e316ab9434a6b6d7cca1jt,8f5496d7b42eabbe364cd31c5ca6e7a5FN,95d0a4d332d5246ee47d6aa1d0ecf46bHn,8c9e2761e1872f2d6a1857dea66f0752pQ
3155d89ac1ee4d6de0457937ebde71f1eI,9fccae97f5b3c8869158ddeb1f1f9480zH,495a20cc2edcbbbea1fd8c5f9955a5dbYD,61569997d52d27ba0d559a3aa380704dSs,b64b0ef4fe04490cfcdcf65f98049e5bef,5c6986f6c916e38f17953b9ac304c163ry
07a80122949423d996852ce1ad61fb41XL,a4eff98014ec463ec54490a120fc52d4cz,3658c1f68a8e1f1a51d6baff2fe7539bON,550a9ac4f39fc858908779dff2e867a0XI,1acc9f878314762b41517cdfe6ab0686oU,2048a4b3e03efb8aceeba7a0b5b165ddRu
4567e91f242e95572016a7ce353f8c17NV,3658c1f68a8e1f1a51d6baff2fe7539bON,a4eff98014ec463ec54490a120fc52d4cz,83f218cf7f23957ecc0c32d5f6be9e59my,07a80122949423d996852ce1ad61fb41XL,5ad6640a2c18f2ebfce19afde792e20aLl
7c03a22e410633e6ed7f8c9cbc1fddbeYW,f56d88870f36490b131e1c21b39ead36VZ,4f752eb6f703fcd3b053c902c83cc8dbTo,f0e683b6ff1bd7b0842439b28bb42948ji,b5907cbbfcbbe0f26d91a2030dd54a7bIh,ee15c48e9691f58c51128699fa5e183abH
19c51ee1515d431339e917e6e11127fezJ,3d1fb3098403d862198f3b68761cbf95KZ,6a526a67163636038830c42d84835f5bVW,a572c5a31f2c8aa3110e97723ffd5d4fZN,b3b74febec79d7bbfe061890015d6e26cn,005b2290249bed9e0a529f05029d536ehi
02120b8a907537fee739216562384f27Lf,66b30cf2a764150f3df1e271820283babe,08feb189d9de6d0bee96d46f6d81197bCl,fb57a1b510322dd57be7760d86f207cdzN,64577f2239127f782d6da8d799b8b1e5Zr,afb40c3b7315db4e96ce956a9fdee0acHC
4f314d5bb5bf2e4a38012efed9096dc0zx,14d7508540f67fe68f499f8d1c183027vC,5ddcf5a1c02d5ea1141548fac86f9213DX,cdc4df30fd34ddb522bf6770ea6ad492me,bf4156a8fab5b7d665d9d1c87f9ab23bSh,4f69ee35bb3ceaf10106e4f0f84653d7vN
c71978e9b5995cc439f2ada86c0886c1lE,8fcb2e11b62aa37030a86049ecb78609XL,36a4ebbefe6a8846a04cbd364b794e28PB,62309056c4ec13097abf21bc13e98efcHQ,b1e0e6b7bb4f6bc7a9bf6e222edbbabcAy,1ede298a777db86dfc699b83aa97a870Od
9fccae97f5b3c8869158ddeb1f1f9480zH,89cf4646d04196235c4e03b32fe43adbLv,f4b9bbc70d62642aad172544b3ebaba5dV,3155d89ac1ee4d6de0457937ebde71f1eI,61569997d52d27ba0d559a3aa380704dSs,ba2ae5388b7dd84b76740fe1ef6fae93Ef
e8fd9d334ebfa6557c7310afda53108dgV,822bc1ec41bdcf330af0954d38477bfbbq,a8096e3985e5838b3ed9c64301c0bc1ahS,aed5a58de988ccb813a2b64c45b9b85aqY,e8b1fd6fc98a46791af1eafeb97d65f8uk,8cb903c8b7457b12de291e6ff05cc902JG
8f5496d7b42eabbe364cd31c5ca6e7a5FN,a77c57d9f2abbc5d9a0aaf7a3fb63be6DV,f9456856ae0ccdaafc3de2ffaf1c36c9vU,883dcb99af93bac63dc65fd19056a8a2HL,936a1981d20e8bf82edc993c09240120Kn,95d0a4d332d5246ee47d6aa1d0ecf46bHn
dc4ff0d1cb9d43f529b19a595455936bhm,a217db325ed9871e43fd636b8d281cbffj,3d2889189d8d21846d69b062d3bec05cHY,8e374238302036f34f62ab20a237a3abwK,273fbe2a8850ff52ee5bb047a66f2fb3Oi,dfdaf2de60432691eb255b5e2dcd189aWp
875111d32951f437bf1437484a039a03pj,c7c55c16d01363df22b3dd00cb7d0255ZN,0beb03133732d83f00cb5af5c211eefcTY,a0a1f7d3529b53ce737ec9cb42262507MG,f43fb78c4880de8cdcf9d889795b85c3WY,24176bd78dfeab8bcebc233891d488edYd
eeca747b2fa2c66140f17f88fad66fb7SB,5124d728c1e9aa21c06f99953f1cb345sr,ec3f404e7e04e259a543ec601a9f6099kG,42979970aa4341050996f71d3a9fa37fCW,044f23ccde80c4e10c815baaefaea481bZ,d06ac97e4f0f1e99976e8a175c4fbd3fWb
b4af145724716431010f23a71c5f29b2bz,74d79153330a9c5085b0b839e36516e2Ts,4453098dc5a579d22f79dcb867e8f91eNF,ee6e58f5e23441e1b68cc90f71c2537adC,bf4156a8fab5b7d665d9d1c87f9ab23bSh,935462fe67e7f06e9ec805ac47732d62pG
b59bbe518e7ecdcdbf5a0f2b5a9c9010bp,a4109b9c3bf9fe3c81b83bb050db02aeNm,7c219d38f646b5bbac1c310be021f444bn,00cce9ec293be2966080e49c707d6b80wE,23c79d0de6b0bac0fce23f001f4c8daeir,1211d6e446b5ca2758480dd11de23501Va
63efdd3907deb5fa3028501c7451b124Yp,de3406631ae68a3a3a281e4790d2a788qW,be1bd80cdfccf32008dff1e458ebbb32De,f6badf2749e358bfacb1f137c6c05cf4uJ,90a6d59a459719e1d355c066f1d7fd23bi,17a77fc49ea8adacb3c7850b87c55e09zE
4f69ee35bb3ceaf10106e4f0f84653d7vN,ee6e58f5e23441e1b68cc90f71c2537adC,90b5bc072fc8f3f3a0a3a50dff8e0d69Dv,4453098dc5a579d22f79dcb867e8f91eNF,c952573db2a15a8d051789f2bfb79aa3mQ,0a4f17d16aa014717b3ba30a36822757nM
6bf64b029019f91bd9c05dad47615b7fML,b78f1a3cc5d1c196e45d7bff3206737eTK,d97b0b287ae676e1ab9e671aeb5da664YK,24237f3444bfd09956b3a34587137057Pe,6b21dc8d62fe0f2217444f0d4d3b45d5Ov,258d62351d9b9767eb1d88be9ef58df3mw
5d25f48da000a6a398b2e916e8994b70DY,a74cddd52e56d14ed0d26980e3ab79b5vW,7074bb6bd542f4b8141ffe5ea542e08bto,cf98181c37e2d5a9ed3dba0a5be2ebdags,d1a6a2c733ceba4afab5abfe6eaad2edeP,9db5c62dfb6608be54a514784451d79fGI
abfb9a2c48e42ac4ac59d656dbc04cf0VZ,cec3b760ad57f483ff671c1a75d13f5bxv,7d062dff5f38450d2c4e543a654dfee7nb,6a6a932d9a0f9855cef286ca348c51c3IG,c6be36fb032324f9e073d419b91482b9LG,b2e29481c858ce6e5b476d580265fc23yS
4946baade2d3448b1d3b6c94f2174ed5pm,82bf606b23d3253b865c68efba4458bcKM,54412a93d61d1a4960ec6a7e2c789002pr,d9f429b9c373bef2ecf54ac73e4b7831SL,4a5b9788d3a6f0921cb875dc25cc9038Qi,b633d1583bf95cfc687a8b715c7f1f7cfX
f56d88870f36490b131e1c21b39ead36VZ,7c03a22e410633e6ed7f8c9cbc1fddbeYW,f0e683b6ff1bd7b0842439b28bb42948ji,596b94c7028d878128ce6ae027bcefb9PX,a4b650d5286b26b0e97f446509aba30fmT,ee15c48e9691f58c51128699fa5e183abH
66b30cf2a764150f3df1e271820283babe,02120b8a907537fee739216562384f27Lf,08feb189d9de6d0bee96d46f6d81197bCl,872918bc1820becac38a63d66715f428Nm,54160315235e63600cf64e2f10c8f813ej,afb40c3b7315db4e96ce956a9fdee0acHC
50bcad9787140cece2bff6319c6ad9aaaM,efc30669d839a363aa7ddf51cf53f961YP,5ca0e762bdcf1767cacc47634e9ba75fUp,ace44eba94cb538e68bd01c3b08943b0zm,5bbdc32a916bd7b01271e3644bf86083OD,8da13f83e8ff754d72cd9b48f212435atK
b8edf754a7c0a57d2f13ff34d17bbd31LE,8d8b1ca0006e48e9cbf3097777cdcae3vl,4a9c1afcc24211e34ef677d504e43317or,833fe69b8d9df3f2cdeb07b7ee12c896IA,cec3b760ad57f483ff671c1a75d13f5bxv,b2e29481c858ce6e5b476d580265fc23yS
687863facd95f34a82fb9076ee0ba62fVX,a277e795be8b52b5b899419dbaadf77fXg,dc1df9de2d263f6da7500b4e698a4af3EN,c35ff76c907f127442987864ccb14107wu,5f19c4a94ff5d83dc8831e988e8c5f93rh,52dd686e7bb63932da15bce81622d2f7rz
6a6a932d9a0f9855cef286ca348c51c3IG,833fe69b8d9df3f2cdeb07b7ee12c896IA,35958486068db21f9936d36abdb4e847TR,2ba830252c837dc1d5843cdf5e806b60Gb,a8f0de4b2ecd3752ab2c35059a8fc9b1yt,c16a2d1c9e684c869927ef71c6a676a8DG
55656b9cd5207103d31e376c951255a0RQ,ab74ef827f405baad7de14859e8c655fnx,5b4ac6eb78ba7d3ff792a81d18b44408Ko,7a25d244a83b21ebe4309ee2f3a1cd9bcd,4f314d5bb5bf2e4a38012efed9096dc0zx,17eb1a2bdb071e0bb04d37a6d97c95abUo
0840be926d8e3353a999267749e55081wa,5df22ac5e4ad35250d596422fa23a4e7eQ,17440a845e1e77c1ed14c5a69ec90569Xo,5486d160b601c243783ceb4bf3e3ed60jr,57a856080bc80b466b1184533513ddfdBY,6a0238d71806571e22af8a81fadbce01my
6c5ee49f8f3fd199c73aa22fc6be5b82oS,85f77b670d155f433b8a3cdf718f8efaht,354b5568589d658c7c40d297a6a03b7eOu,a217db325ed9871e43fd636b8d281cbffj,813c1397100e0311342c31ae82f1e9c0ma,17440a845e1e77c1ed14c5a69ec90569Xo
66572160f0b557c35198eca20271d856OF,91379a078218e7a02f89fd9677cce46cnM,dbb468cfd5f74064574d3dfcb0770887Qi,dc4ff0d1cb9d43f529b19a595455936bhm,7413011c61e2ef1b880eaf0071d05dd6Bj,b3b74febec79d7bbfe061890015d6e26cn
bf285f89a6accee7b84146a7c0743372or,cf98181c37e2d5a9ed3dba0a5be2ebdags,2df5bd99422fcc772154210092696df1Xx,a74cddd52e56d14ed0d26980e3ab79b5vW,c2c576291d16df8c2f9402eb9436e9b6jF,5d25f48da000a6a398b2e916e8994b70DY
793bc9976d51933796be904bb690d5cfwy,530a0fc7ce508f327fd5f6f7f1baa0e0BD,bede4eeee09d1afdc59e792a304f6530Xi,9170a61a9de08122b73dd44936422bc8VC,3eda195f286d441925c3315ed0fb58a2vY,60681dbe4e4b3156c51b9d0e6c9f25a8Yv
89cf4646d04196235c4e03b32fe43adbLv,9fccae97f5b3c8869158ddeb1f1f9480zH,61569997d52d27ba0d559a3aa380704dSs,6a0238d71806571e22af8a81fadbce01my,3155d89ac1ee4d6de0457937ebde71f1eI,fa931e8879ab7159dc3a88cf90edff96qe
3bb33fce4818ece3d3df801d0d8705b5WJ,14048d07f6236aea0f8b7b390d680e7blh,15d3753085d386f193e30f663a2137a2iY,27839c7e34ae4b3c0008dc0f38bed312HO,79977d206c55c53546e52e9a1e8f9c14qP,112a1fd33aa17f13990ba6bbfeddc4c7Fj
2999196bb719bf2e9dff335a60deec16CC,5afd3e1815c336d6a61326a92db7aca5HG,676f17d89682ba4ac33fdcef5aa321a2nL,a572c5a31f2c8aa3110e97723ffd5d4fZN,c35ff76c907f127442987864ccb14107wu,4afde260ec81a7a695e8f0520bc1556eao
a217db325ed9871e43fd636b8d281cbffj,dc4ff0d1cb9d43f529b19a595455936bhm,8e374238302036f34f62ab20a237a3abwK,3d2889189d8d21846d69b062d3bec05cHY,85f77b670d155f433b8a3cdf718f8efaht,6c5ee49f8f3fd199c73aa22fc6be5b82oS
5f81d0990b0217fda3bcca3c6c75aeddsr,323e11ad5b703092e4e2ad838a772afbpW,0a8c3c3a5325f73d75dd7bf40db66cf7ka,003e938689ebf587656886f742f51336YL,552256ad0e53f6ef8c9cd2d4e0fd3422bm,57a856080bc80b466b1184533513ddfdBY
dc1e9eb9011a4e9585e4be0aac7e8cc0fB,34ae4557c304364c62308c78a32b9d66xj,3f3dec5b9f3e1bf35e1795763e33c2adqz,872918bc1820becac38a63d66715f428Nm,6c96fec9e7cacc2b49823c58507282b1ou,0ec402579ef6d7c3defa2499abfd8ccfDJ
fe7acb00e09ae54ace4af8081dfd7ca6yR,7485582af61cfa3f3efc9fb097cbe4c5uN,e943d3ee1527a1aba19d6537d387d320wn,c952573db2a15a8d051789f2bfb79aa3mQ,4f69ee35bb3ceaf10106e4f0f84653d7vN,62309056c4ec13097abf21bc13e98efcHQ
b4dda9678a255ecabdbad5d4906c0ad0nm,e7f8b56333777507a946fbe0c9ede883FL,d8d529812a303150a9b164a7f1f8d684oq,47cc14893729d92490cca48c1950ee9cFB,9e6013e3dca5e99b6ea059bc4694772czo,550a9ac4f39fc858908779dff2e867a0XI
e02285bf5335471124d1455b846d726bcd,792a8ca952149efb125687755042cc5eQb,03ff9d9b717fe97b916da0fee1a2041aWb,602e2803b631c8b228fae03be2b01c4dQy,e7592ba6835d043cb60cafaa068c38b6Ak,c2ab4292c0cff8ee6a98177d6b84b551ps
724979c7aca0f203024e5cfc80875885sO,473a3740ddf3fbd3fd83726d2cafe70dxp,3c20f3990744e18983993a9ac13493abqo,f4b9bbc70d62642aad172544b3ebaba5dV,7a3aaba40a658ad3a63f7f6e866d0f93lT,17eb1a2bdb071e0bb04d37a6d97c95abUo
0e41e0e9074471576b126b5427fc66f5ar,a2fd3ed46d59841b1368b4cef7ac3145GA,531425c06692b5cd9fc25d3570f91b58tO,8d19671dfcd55924e63e777e00eaf196eA,b50fc274fa8e79d083f70718e954bc04oN,c0057865926d4142d0a760ea4871d5f4Uu
bdc3af2ad806c8e81af071207443b002hQ,1896702325cd9faeb5028da0562d396eUp,4d3dbb2ce2937a80ec7a0d6be74e05d3Uf,24176bd78dfeab8bcebc233891d488edYd,2e980b774f5243d770e8d8e7737fd489JP,9b2e462e65329df7de0a57ca99a1305bIi
936a1981d20e8bf82edc993c09240120Kn,95d0a4d332d5246ee47d6aa1d0ecf46bHn,f9456856ae0ccdaafc3de2ffaf1c36c9vU,8f5496d7b42eabbe364cd31c5ca6e7a5FN,8c9e2761e1872f2d6a1857dea66f0752pQ,a77c57d9f2abbc5d9a0aaf7a3fb63be6DV
ec3f404e7e04e259a543ec601a9f6099kG,27614ed7fc171099fb8c98edecda7b0foC,044f23ccde80c4e10c815baaefaea481bZ,eeca747b2fa2c66140f17f88fad66fb7SB,42979970aa4341050996f71d3a9fa37fCW,8da13f83e8ff754d72cd9b48f212435atK
1f9f677672ff272b529bc4fef60e6347hA,d669436e131961c0873228a725197ed5eg,5885e505d8db2684a10a3356f98970feNB,82bbde9bcdca9863ac8f2cdb01663682Lo,0233b44c3d007ada9780f4630c83feb6cd,42979970aa4341050996f71d3a9fa37fCW
8d19671dfcd55924e63e777e00eaf196eA,0e41e0e9074471576b126b5427fc66f5ar,7a7700a555771fd46230a38f7186a885bU,a2fd3ed46d59841b1368b4cef7ac3145GA,e910b8d7a6764b17aed214a94e3e0e66uy,9f728d9816f800ab4a5fe53e9333ddb2OV
7533af0755412eae141e801b9d3bf9a3gw,c2d067b83ffd006ba0e4271938cca897Et,b0014df10e35e2b020b7a97e6cbd7db6VK,a7d016fd0f555d00d3af5c54b40a0384hk,02a3e1e875968d5072db32ccfb719ccfYv,28656f38c4dd81fb264079c60c31b8a8Te
71b07ac56ff5303feecfe743c856ecd8jr,875263afa0cf88c152410b2df7897cf2lt,939bd39b758334a9030232ca12ab2e81bs,00cce9ec293be2966080e49c707d6b80wE,8025cd1c9b4fe2049038d2e5aa503f14Ot,2f24ed5637f91a5162c4d31886ff2be9nN
b50fc274fa8e79d083f70718e954bc04oN,cafb02547c249b71faeb52fa6bb61dedxX,531425c06692b5cd9fc25d3570f91b58tO,c8a5f628a62a552ef3149c11b027d345mE,e1e9819f76f81ce70231555ce6e1064cru,4fcec318ba712f3550f9312231c408baRP
777ffb2a20d200ac261ba86d8d632035dR,60f35cd5592bc7c6ef047a572ab20b10Cp,f4b9bbc70d62642aad172544b3ebaba5dV,62c341afd686626e372fcfdfc6091dd7RX,3c20f3990744e18983993a9ac13493abqo,6cdaf4632192f8848dae49d61aceebe3dT
9e6013e3dca5e99b6ea059bc4694772czo,d3db748368d230911b19a124c513551arF,4b3b185fb94f8b5e95e1fb8ea57136bfcT,b51eaa91d54c8b1c938955118b9e733bwn,713b5b47e30ee792b39d069975450a57wb,b4dda9678a255ecabdbad5d4906c0ad0nm
35958486068db21f9936d36abdb4e847TR,ed8f48a9fecf2a12196bcfd8d9602f62QR,6a6a932d9a0f9855cef286ca348c51c3IG,9d52b7a08d20b15a5ed23b599da35f46qD,c16a2d1c9e684c869927ef71c6a676a8DG,8d8b1ca0006e48e9cbf3097777cdcae3vl
90a6d59a459719e1d355c066f1d7fd23bi,7a38ed74c59d017a548b8fbad60b7801FE,b0da545d3783bab813df3d0229b1ba46zl,b8edf754a7c0a57d2f13ff34d17bbd31LE,63efdd3907deb5fa3028501c7451b124Yp,833fe69b8d9df3f2cdeb07b7ee12c896IA
9c5781126a8873479913872b17a03155Dx,64577f2239127f782d6da8d799b8b1e5Zr,e7c9529b9b1ef53de47927698393bd8cBp,ed8f48a9fecf2a12196bcfd8d9602f62QR,7413011c61e2ef1b880eaf0071d05dd6Bj,35958486068db21f9936d36abdb4e847TR
4cecda1839b9a0a60ef7b2b2745cd185ad,b80ea00654e32b47e41ff773b9749c16bX,cd5eb66f773dfbec96c93fe4d710b40atx,b5d2eca0229f720126665cc6cf820e11os,5ca0e762bdcf1767cacc47634e9ba75fUp,9db5c62dfb6608be54a514784451d79fGI
ad9066e28ff82a0711c2feb8f7bef627Yc,748e8333db6a2913bd0dacbfaed07ff8Yt,26d3b659f1d35467a7bfed4445fa9d5bEh,e05e2e4de3da16e1c5bf664976f13edbxh,718593002fabb71e5af9de762636b9c0CI,6e7dd86aa020c1ee7d9375447e65f818DR
17a77fc49ea8adacb3c7850b87c55e09zE,8ac8fbc023ca685137c8c1d655165b2dvL,66fdee142327ea987ec9435f712f0192FI,61935f280a39b380a0a8308b9eff5605xf,4e00367dd4e04e86675ee7b1e016e16can,c7c55c16d01363df22b3dd00cb7d0255ZN
939bd39b758334a9030232ca12ab2e81bs,8025cd1c9b4fe2049038d2e5aa503f14Ot,71b07ac56ff5303feecfe743c856ecd8jr,875263afa0cf88c152410b2df7897cf2lt,aa5e5d943b6dc10091011f7f8e6d8bc6cw,161d0f386f95f2c81954109e33f07191Ql
08feb189d9de6d0bee96d46f6d81197bCl,66b30cf2a764150f3df1e271820283babe,02120b8a907537fee739216562384f27Lf,d8bd5d501961eb7b43d536803df6dd98KY,872918bc1820becac38a63d66715f428Nm,dc1e9eb9011a4e9585e4be0aac7e8cc0fB
502f341f8104cb01184e37bef609063biM,e7592ba6835d043cb60cafaa068c38b6Ak,91574e3c0c35b1f7d056477a5d268adbMw,77cd192db683a5e31ae9dfcbc1ece960rE,de793dd4e5f17df6dd0882af21e67c8fOZ,c2ab4292c0cff8ee6a98177d6b84b551ps
a0fe7ba748d60b7f1093e8a9a9c0ce30IM,98a56885ed1cad5db125db31565c6690DP,65deacc3542293b48665da2ca78c52fcUo,6bf64b029019f91bd9c05dad47615b7fML,ace44eba94cb538e68bd01c3b08943b0zm,b78f1a3cc5d1c196e45d7bff3206737eTK
cf98181c37e2d5a9ed3dba0a5be2ebdags,2df5bd99422fcc772154210092696df1Xx,7e4691ac194ff1d3fdccf5a06ac224e4YZ,5d25f48da000a6a398b2e916e8994b70DY,bf285f89a6accee7b84146a7c0743372or,a74cddd52e56d14ed0d26980e3ab79b5vW
5afd3e1815c336d6a61326a92db7aca5HG,2999196bb719bf2e9dff335a60deec16CC,676f17d89682ba4ac33fdcef5aa321a2nL,a572c5a31f2c8aa3110e97723ffd5d4fZN,7964613a1c6f2d3cb9d015ffe8bafb95Wt,005b2290249bed9e0a529f05029d536ehi
d828393a1f42ac84984de9bce10f46acju,550a9ac4f39fc858908779dff2e867a0XI,225ed1c43d3ea0edf29d9635c12054d5lM,1acc9f878314762b41517cdfe6ab0686oU,6474d624277270c6c57a8e7d1177cacdtQ,d8d529812a303150a9b164a7f1f8d684oq
f791d193705285239c7cc7a9a3cd4b31qp,a4b650d5286b26b0e97f446509aba30fmT,28a811a51bdd226a9476cae7ec3a30fdsi,5e9132dcaca3a7c8219e5b7d5c86c852Tx,bf4156a8fab5b7d665d9d1c87f9ab23bSh,666fe9c82d8d9b570d2f8a017f328072TE
7d6b52017e58449ee644979d3ca26e3ccY,109a64722fbcb2aa2b4b25c40db5e8ddwF,9d52b7a08d20b15a5ed23b599da35f46qD,181d0a433a41225456eac0783227d06dMJ,65912f564acd57a1aa8f7a784225ee5bPN,737a9c128f24eac43e1cd8332b81e355ed
e7f8b56333777507a946fbe0c9ede883FL,b4dda9678a255ecabdbad5d4906c0ad0nm,47cc14893729d92490cca48c1950ee9cFB,bffb68a4a507af70753794996d1a1c50Iq,b51eaa91d54c8b1c938955118b9e733bwn,cf6869f8514813a84a910589819d4ba2za
473a3740ddf3fbd3fd83726d2cafe70dxp,3c20f3990744e18983993a9ac13493abqo,7c1d5f183484455cb34f6187f3f570a7uq,724979c7aca0f203024e5cfc80875885sO,b5907cbbfcbbe0f26d91a2030dd54a7bIh,807b56237595f3033404971c1dd6268auS
225ed1c43d3ea0edf29d9635c12054d5lM,6474d624277270c6c57a8e7d1177cacdtQ,d828393a1f42ac84984de9bce10f46acju,983ecd3386c52e5bc656c0293944b078uz,efd693497548186ca15b6cd051804c32UX,7a735654c2d60385bd16d1f84a524371Ol
e6c76cc378e1665f290f2fd0d64ee80bOx,c6148d8945c8610c34d3b6acbd482b5dXN,2f08688f3a8f737a66fbfe86c5c6fec1rh,863432ad184f895640e76be17f071c93IQ,051ec5f0a1a024a25ac9c2707fba6f78Pg,4b3b185fb94f8b5e95e1fb8ea57136bfcT
7d062dff5f38450d2c4e543a654dfee7nb,cec3b760ad57f483ff671c1a75d13f5bxv,30565f9297f0a2ca47d53446e8155e2flV,5306f2a4a8c64335fe9190a48fb4ab08GS,c44c1a34383b74d9daf871d5c45df85fIR,abfb9a2c48e42ac4ac59d656dbc04cf0VZ
74d79153330a9c5085b0b839e36516e2Ts,b4af145724716431010f23a71c5f29b2bz,f52abd2165139150001e35ec47d1ce58HH,935462fe67e7f06e9ec805ac47732d62pG,4453098dc5a579d22f79dcb867e8f91eNF,09d9898b542a06022d0edb0decf408e2xi
3eda195f286d441925c3315ed0fb58a2vY,bede4eeee09d1afdc59e792a304f6530Xi,161d0f386f95f2c81954109e33f07191Ql,939bd39b758334a9030232ca12ab2e81bs,89630e36c7ab7a028bc29303e644e42azl,8025cd1c9b4fe2049038d2e5aa503f14Ot
6d50a14ee87f8984264ea68a122b3ae9ps,36a4ebbefe6a8846a04cbd364b794e28PB,b1e0e6b7bb4f6bc7a9bf6e222edbbabcAy,d85ce202dc1900ce287fd5fca227109feu,1ede298a777db86dfc699b83aa97a870Od,c71978e9b5995cc439f2ada86c0886c1lE
bfe481a14a960d4db2e8158cd491f4e4oB,c02d97ac1db456c535435d45ddf2e789Us,42ffe6c9f6c0260b93237ac0762694f6Zd,e54e2226e9f71bbde9fc7cae836eae45uO,3c20f3990744e18983993a9ac13493abqo,33d0f4243ae442527f2b29a7d7146fabrv
14d7508540f67fe68f499f8d1c183027vC,5ddcf5a1c02d5ea1141548fac86f9213DX,bf4156a8fab5b7d665d9d1c87f9ab23bSh,4f69ee35bb3ceaf10106e4f0f84653d7vN,b4af145724716431010f23a71c5f29b2bz,c952573db2a15a8d051789f2bfb79aa3mQ
602e2803b631c8b228fae03be2b01c4dQy,e7592ba6835d043cb60cafaa068c38b6Ak,e02285bf5335471124d1455b846d726bcd,4956e0915a7c311ce0dfd0530d256b70bO,c2ab4292c0cff8ee6a98177d6b84b551ps,3a745f2ebc38acb40fa49b82c729c908fJ
02a3e1e875968d5072db32ccfb719ccfYv,9db5c62dfb6608be54a514784451d79fGI,28656f38c4dd81fb264079c60c31b8a8Te,24237f3444bfd09956b3a34587137057Pe,a7d016fd0f555d00d3af5c54b40a0384hk,b0014df10e35e2b020b7a97e6cbd7db6VK
170eaab0b17213d28246a4a663cec0d4aD,30f46075bdb6167b341c86ea00fa1503So,c6cd63765d6df89765266645196f73e8hg,9865a49e57bfe8c2ccc8da3d317cd567JS,053c26e5ecaf3bdee7e11e6a6cc8967erV,e3989a7be5f279ec9940c568afa5fed4pc
5b9a02673f326d275f9549acf10ec741Za,48d3f97d354dd1ed25ba2a1bf472509aur,237bcae2ff458a8dff118fdf36dc6aa4et,d8bd5d501961eb7b43d536803df6dd98KY,1c3fdee204b6225d7ddf857a75c34716vE,9d5de4703b7bbeeee887516369b2920bZt
f4b9bbc70d62642aad172544b3ebaba5dV,3c20f3990744e18983993a9ac13493abqo,60f35cd5592bc7c6ef047a572ab20b10Cp,777ffb2a20d200ac261ba86d8d632035dR,6cdaf4632192f8848dae49d61aceebe3dT,c02d97ac1db456c535435d45ddf2e789Us
28a811a51bdd226a9476cae7ec3a30fdsi,875263afa0cf88c152410b2df7897cf2lt,666fe9c82d8d9b570d2f8a017f328072TE,4f23be70201e496993a2bd529c9e5714iK,aa5e5d943b6dc10091011f7f8e6d8bc6cw,71b07ac56ff5303feecfe743c856ecd8jr
109a64722fbcb2aa2b4b25c40db5e8ddwF,7d6b52017e58449ee644979d3ca26e3ccY,9d5de4703b7bbeeee887516369b2920bZt,9d52b7a08d20b15a5ed23b599da35f46qD,0a7a9ad07607a902537c5ebac5273b98kQ,181d0a433a41225456eac0783227d06dMJ
508d12fd3948391f1b15c6d0f5036c42Bb,47014087ab1fb9d0bb91edb686a4c3d6os,cf6869f8514813a84a910589819d4ba2za,737a9c128f24eac43e1cd8332b81e355ed,051ec5f0a1a024a25ac9c2707fba6f78Pg,47cc14893729d92490cca48c1950ee9cFB
875263afa0cf88c152410b2df7897cf2lt,71b07ac56ff5303feecfe743c856ecd8jr,939bd39b758334a9030232ca12ab2e81bs,2f24ed5637f91a5162c4d31886ff2be9nN,161d0f386f95f2c81954109e33f07191Ql,00cce9ec293be2966080e49c707d6b80wE
95d0a4d332d5246ee47d6aa1d0ecf46bHn,936a1981d20e8bf82edc993c09240120Kn,f9456856ae0ccdaafc3de2ffaf1c36c9vU,80ccf00be21c79bf10b17a1981bf0aa3hp,a77c57d9f2abbc5d9a0aaf7a3fb63be6DV,8f5496d7b42eabbe364cd31c5ca6e7a5FN
89b4eddc181a12d73e83fac13654fe82oy,3658c1f68a8e1f1a51d6baff2fe7539bON,47014087ab1fb9d0bb91edb686a4c3d6os,6d928dc48ff657dd96b519993537e294Ln,b2ba87746d1a89ef6a1d8d8f1a04000fxu,508d12fd3948391f1b15c6d0f5036c42Bb
e7c9529b9b1ef53de47927698393bd8cBp,f2d94d437f4bb1669e0cfc3f41bdcfbbis,64577f2239127f782d6da8d799b8b1e5Zr,e910b8d7a6764b17aed214a94e3e0e66uy,5ad6640a2c18f2ebfce19afde792e20aLl,9c5781126a8873479913872b17a03155Dx
0233b44c3d007ada9780f4630c83feb6cd,1f9f677672ff272b529bc4fef60e6347hA,5885e505d8db2684a10a3356f98970feNB,d669436e131961c0873228a725197ed5eg,42979970aa4341050996f71d3a9fa37fCW,82bbde9bcdca9863ac8f2cdb01663682Lo
bede4eeee09d1afdc59e792a304f6530Xi,3eda195f286d441925c3315ed0fb58a2vY,1e1a144106e8b31155d2db138e6bc2f8Ux,89630e36c7ab7a028bc29303e644e42azl,fc3e3bb54160df0ce6c7719389bd8976aT,858a4f9fe8fe6d337cf7e96943d20089qK
51dd34fcb1d8984ee25b9e8c8fc8065aLS,af942f9bf32051b7f379995efca6a106Im,82bf606b23d3253b865c68efba4458bcKM,756cd16c85e478f0200f2525a9c4b91bhc,4a5b9788d3a6f0921cb875dc25cc9038Qi,b633d1583bf95cfc687a8b715c7f1f7cfX
a4109b9c3bf9fe3c81b83bb050db02aeNm,23c79d0de6b0bac0fce23f001f4c8daeir,9642436fe9429528f86a1e6b2475a431Ve,939bd39b758334a9030232ca12ab2e81bs,ef197b74d4db15a2b222a4c587807553EN,00cce9ec293be2966080e49c707d6b80wE
17885aae1b5cd10cdec570c0065d6839mC,fce150990059eebabfb66081c27116bblr,5c68cb053746b4af567846c42d89d19aIL,178758937861b72662e06a49a67c3744QZ,fbc38035a6bd7afa5caddb91fb28f761tl,3a8b8be7c0b9913c2d1ec0ca31a5190fZC
28656f38c4dd81fb264079c60c31b8a8Te,02a3e1e875968d5072db32ccfb719ccfYv,24237f3444bfd09956b3a34587137057Pe,9db5c62dfb6608be54a514784451d79fGI,b0014df10e35e2b020b7a97e6cbd7db6VK,a7d016fd0f555d00d3af5c54b40a0384hk
022cd38cc890b1117978a51518cf8d20nV,ba2ae5388b7dd84b76740fe1ef6fae93Ef,d4d808d040c1e0c0a6e48059d362b3besU,bfe481a14a960d4db2e8158cd491f4e4oB,0beb03133732d83f00cb5af5c211eefcTY,51b08e609b8cd069a426306d4deec371eK
7c573cd7036ceda1660d14be4a4c808cAH,8403d852ce63c3fe9da50fb9cc829ca5DK,7a3aaba40a658ad3a63f7f6e866d0f93lT,ff8aa1ecac0844f010e4f9d79c35edbbmK,8c9ac309113a4350fd1b7983a7f6375euo,ab74ef827f405baad7de14859e8c655fnx
596b94c7028d878128ce6ae027bcefb9PX,9dc7fd9dcd1e29cd7a859b5b61e70fc2CF,cdc4df30fd34ddb522bf6770ea6ad492me,bf4156a8fab5b7d665d9d1c87f9ab23bSh,f56d88870f36490b131e1c21b39ead36VZ,ee6e58f5e23441e1b68cc90f71c2537adC
1ede298a777db86dfc699b83aa97a870Od,36a4ebbefe6a8846a04cbd364b794e28PB,d85ce202dc1900ce287fd5fca227109feu,c952573db2a15a8d051789f2bfb79aa3mQ,858a4f9fe8fe6d337cf7e96943d20089qK,14d7508540f67fe68f499f8d1c183027vC
3d2889189d8d21846d69b062d3bec05cHY,8e374238302036f34f62ab20a237a3abwK,273fbe2a8850ff52ee5bb047a66f2fb3Oi,dc4ff0d1cb9d43f529b19a595455936bhm,a217db325ed9871e43fd636b8d281cbffj,dfdaf2de60432691eb255b5e2dcd189aWp
436fdad6450dd8a3f3f26e6d7bbed73fyp,13eac268bcc73529f5806311a1f65002tg,646cec751bccfd48dd50020dc2de7e88ns,4946baade2d3448b1d3b6c94f2174ed5pm,d220eeb7238dcdb06883a58ad71914a6VJ,86cede092d049c037a27dafc26975891SY
ba2ae5388b7dd84b76740fe1ef6fae93Ef,022cd38cc890b1117978a51518cf8d20nV,d4d808d040c1e0c0a6e48059d362b3besU,ffa4542fb90e942f30ba784edb604993gi,7a3aaba40a658ad3a63f7f6e866d0f93lT,d77997be69133aa7af4aed14fb1afeecvi
8dbad29b62f76ced5785d473ef04e967Wv,f0454498b307ac2d12748e65f717c6a0Yn,74f4e3ebfefd13de069bfa44d7446edeVx,0ec402579ef6d7c3defa2499abfd8ccfDJ,f6f55a3ddf9f53700525425c7ab7abc2nX,a23d8fa7398c01849813b93b575be20eUh
54412a93d61d1a4960ec6a7e2c789002pr,6b79bb6fc17ca86e385be89e886a878cjR,0965cc4206abd945fc1b56d95d9d1363QI,51dd34fcb1d8984ee25b9e8c8fc8065aLS,4a5b9788d3a6f0921cb875dc25cc9038Qi,82bf606b23d3253b865c68efba4458bcKM
6e7dd86aa020c1ee7d9375447e65f818DR,d3db748368d230911b19a124c513551arF,4b3b185fb94f8b5e95e1fb8ea57136bfcT,9e6013e3dca5e99b6ea059bc4694772czo,713b5b47e30ee792b39d069975450a57wb,5d72529cb35bb4f61f8b3796729df3a0mi
824a2ecb326b13c3ca69bc011ec6ead8xu,de95ea6749b6e0c8282891ca04d36778Po,89630e36c7ab7a028bc29303e644e42azl,1e1a144106e8b31155d2db138e6bc2f8Ux,f52abd2165139150001e35ec47d1ce58HH,bede4eeee09d1afdc59e792a304f6530Xi
8c9e2761e1872f2d6a1857dea66f0752pQ,f9456856ae0ccdaafc3de2ffaf1c36c9vU,a77c57d9f2abbc5d9a0aaf7a3fb63be6DV,936a1981d20e8bf82edc993c09240120Kn,8f5496d7b42eabbe364cd31c5ca6e7a5FN,95d0a4d332d5246ee47d6aa1d0ecf46bHn
f3dd7ddf8173000981932669db21137aqi,fa931e8879ab7159dc3a88cf90edff96qe,6c0c3ccc4b7bc6b7a840b9707050f7e3tw,5c6986f6c916e38f17953b9ac304c163ry,de3406631ae68a3a3a281e4790d2a788qW,89cf4646d04196235c4e03b32fe43adbLv
4e00367dd4e04e86675ee7b1e016e16can,875111d32951f437bf1437484a039a03pj,66fdee142327ea987ec9435f712f0192FI,0beb03133732d83f00cb5af5c211eefcTY,c7c55c16d01363df22b3dd00cb7d0255ZN,17a77fc49ea8adacb3c7850b87c55e09zE
ac1651a50de03698903b5e7451f79526nm,dc4df1f4560ca4fd32a5dfcd8f115d21Lx,1edafa02323a48bacebb4f8cbc459f89os,c2d067b83ffd006ba0e4271938cca897Et,258d62351d9b9767eb1d88be9ef58df3mw,cf98181c37e2d5a9ed3dba0a5be2ebdags
4bc9a066f73000094540599ad83e6074Wn,0694e9b949bb34e23508a569c1caa938id,03af2f03520cc54451b3c3d1cd42aabfgi,7413011c61e2ef1b880eaf0071d05dd6Bj,e910b8d7a6764b17aed214a94e3e0e66uy,e7c9529b9b1ef53de47927698393bd8cBp
b0014df10e35e2b020b7a97e6cbd7db6VK,d1a6a2c733ceba4afab5abfe6eaad2edeP,02a3e1e875968d5072db32ccfb719ccfYv,258d62351d9b9767eb1d88be9ef58df3mw,28656f38c4dd81fb264079c60c31b8a8Te,9db5c62dfb6608be54a514784451d79fGI
fce150990059eebabfb66081c27116bblr,fbc38035a6bd7afa5caddb91fb28f761tl,17885aae1b5cd10cdec570c0065d6839mC,5c68cb053746b4af567846c42d89d19aIL,a77a9b225229066c6710ad6b8e391853an,9b2e462e65329df7de0a57ca99a1305bIi
cdc4df30fd34ddb522bf6770ea6ad492me,596b94c7028d878128ce6ae027bcefb9PX,9dc7fd9dcd1e29cd7a859b5b61e70fc2CF,bf4156a8fab5b7d665d9d1c87f9ab23bSh,17eb1a2bdb071e0bb04d37a6d97c95abUo,f56d88870f36490b131e1c21b39ead36VZ
cfb532a78c0f19930699417a26ffa1actL,9a6777ec82cd970895167e715f0d846ayp,15dea4ef17be7dcdcd8d7be3a8e60268eA,34df2768d51365ed1fde0b25a1b1749bNg,296fe234da0fe396b3581329501bba5bbg,1457f9ec0e36c66a7f2c6937288a30e8CD
17eb1a2bdb071e0bb04d37a6d97c95abUo,cdc4df30fd34ddb522bf6770ea6ad492me,596b94c7028d878128ce6ae027bcefb9PX,f56d88870f36490b131e1c21b39ead36VZ,9dc7fd9dcd1e29cd7a859b5b61e70fc2CF,cca22b8a0809ae91a19e360acefa6a84ht
258d62351d9b9767eb1d88be9ef58df3mw,b0014df10e35e2b020b7a97e6cbd7db6VK,24237f3444bfd09956b3a34587137057Pe,9db5c62dfb6608be54a514784451d79fGI,cab5b67981d40ae065b5a0ad14d2212dVE,d1a6a2c733ceba4afab5abfe6eaad2edeP
ee6e58f5e23441e1b68cc90f71c2537adC,90b5bc072fc8f3f3a0a3a50dff8e0d69Dv,4f69ee35bb3ceaf10106e4f0f84653d7vN,4453098dc5a579d22f79dcb867e8f91eNF,b4af145724716431010f23a71c5f29b2bz,74d79153330a9c5085b0b839e36516e2Ts
ed8f48a9fecf2a12196bcfd8d9602f62QR,35958486068db21f9936d36abdb4e847TR,b0da545d3783bab813df3d0229b1ba46zl,9d5de4703b7bbeeee887516369b2920bZt,9c5781126a8873479913872b17a03155Dx,109a64722fbcb2aa2b4b25c40db5e8ddwF
e7592ba6835d043cb60cafaa068c38b6Ak,502f341f8104cb01184e37bef609063biM,602e2803b631c8b228fae03be2b01c4dQy,77cd192db683a5e31ae9dfcbc1ece960rE,91574e3c0c35b1f7d056477a5d268adbMw,3a745f2ebc38acb40fa49b82c729c908fJ
c7c55c16d01363df22b3dd00cb7d0255ZN,9b2e462e65329df7de0a57ca99a1305bIi,875111d32951f437bf1437484a039a03pj,a77a9b225229066c6710ad6b8e391853an,8ac8fbc023ca685137c8c1d655165b2dvL,24176bd78dfeab8bcebc233891d488edYd
dc1df9de2d263f6da7500b4e698a4af3EN,52dd686e7bb63932da15bce81622d2f7rz,5f19c4a94ff5d83dc8831e988e8c5f93rh,687863facd95f34a82fb9076ee0ba62fVX,2c1c874469295bb84d33f7f88e38b324dy,7c219d38f646b5bbac1c310be021f444bn
0beb03133732d83f00cb5af5c211eefcTY,33d0f4243ae442527f2b29a7d7146fabrv,25bde77acd878e048b2458f263c9a678fX,875111d32951f437bf1437484a039a03pj,a77a9b225229066c6710ad6b8e391853an,bfe481a14a960d4db2e8158cd491f4e4oB
b51eaa91d54c8b1c938955118b9e733bwn,cf459b942bf80d0020e736ea52cc93d7ZQ,9e6013e3dca5e99b6ea059bc4694772czo,d3db748368d230911b19a124c513551arF,5d72529cb35bb4f61f8b3796729df3a0mi,e7f8b56333777507a946fbe0c9ede883FL
25bde77acd878e048b2458f263c9a678fX,a77a9b225229066c6710ad6b8e391853an,0beb03133732d83f00cb5af5c211eefcTY,fce150990059eebabfb66081c27116bblr,33d0f4243ae442527f2b29a7d7146fabrv,fbc38035a6bd7afa5caddb91fb28f761tl
9865a49e57bfe8c2ccc8da3d317cd567JS,c6cd63765d6df89765266645196f73e8hg,170eaab0b17213d28246a4a663cec0d4aD,30f46075bdb6167b341c86ea00fa1503So,9c68e13b8a77859d02808de926eeb10cGj,3a8b8be7c0b9913c2d1ec0ca31a5190fZC
b80ea00654e32b47e41ff773b9749c16bX,5d25f48da000a6a398b2e916e8994b70DY,b5d2eca0229f720126665cc6cf820e11os,9db5c62dfb6608be54a514784451d79fGI,258d62351d9b9767eb1d88be9ef58df3mw,a74cddd52e56d14ed0d26980e3ab79b5vW
243d3773a2043eebadeea2082fe996a4YX,aed5a58de988ccb813a2b64c45b9b85aqY,9a83ce43a9134fc33324aeef92aa4427Ac,6c0c3ccc4b7bc6b7a840b9707050f7e3tw,de671cd5c52f786f06daa0c40bb7a4fasU,5c6986f6c916e38f17953b9ac304c163ry
c46318d68289604b7e118d770196f55enK,740812be29b815735a3faba7692bad09hG,2f7eae64f93f264591f673d62ee8f2d5XG,8cb903c8b7457b12de291e6ff05cc902JG,6bf64b029019f91bd9c05dad47615b7fML,bbbab0e06618f9dd4edbef1a6a7a7ce7xV
284de30ff73b6cf8a5fcb553237c199arX,6cdaf4632192f8848dae49d61aceebe3dT,c02d97ac1db456c535435d45ddf2e789Us,e54e2226e9f71bbde9fc7cae836eae45uO,17eb1a2bdb071e0bb04d37a6d97c95abUo,807b56237595f3033404971c1dd6268auS
c2c576291d16df8c2f9402eb9436e9b6jF,bf285f89a6accee7b84146a7c0743372or,dfe6cf0d04a9ec579e80a0d01a524426dX,a74cddd52e56d14ed0d26980e3ab79b5vW,cf98181c37e2d5a9ed3dba0a5be2ebdags,7074bb6bd542f4b8141ffe5ea542e08bto
47014087ab1fb9d0bb91edb686a4c3d6os,508d12fd3948391f1b15c6d0f5036c42Bb,737a9c128f24eac43e1cd8332b81e355ed,cf6869f8514813a84a910589819d4ba2za,e6c76cc378e1665f290f2fd0d64ee80bOx,6d928dc48ff657dd96b519993537e294Ln
8d8b1ca0006e48e9cbf3097777cdcae3vl,833fe69b8d9df3f2cdeb07b7ee12c896IA,b8edf754a7c0a57d2f13ff34d17bbd31LE,a8f0de4b2ecd3752ab2c35059a8fc9b1yt,4a9c1afcc24211e34ef677d504e43317or,737a9c128f24eac43e1cd8332b81e355ed
3b7d6dd0ae488f8b8d59a240850cfcb9ro,48821352070835db6dc745335c124510sW,24176bd78dfeab8bcebc233891d488edYd,51b08e609b8cd069a426306d4deec371eK,2e980b774f5243d770e8d8e7737fd489JP,bdc3af2ad806c8e81af071207443b002hQ
8cb903c8b7457b12de291e6ff05cc902JG,de671cd5c52f786f06daa0c40bb7a4fasU,a8096e3985e5838b3ed9c64301c0bc1ahS,e8fd9d334ebfa6557c7310afda53108dgV,e8b1fd6fc98a46791af1eafeb97d65f8uk,c169881b44eeb17c310963f1f31a2864vx
60f35cd5592bc7c6ef047a572ab20b10Cp,6cdaf4632192f8848dae49d61aceebe3dT,777ffb2a20d200ac261ba86d8d632035dR,f4b9bbc70d62642aad172544b3ebaba5dV,3c20f3990744e18983993a9ac13493abqo,c02d97ac1db456c535435d45ddf2e789Us
6b79bb6fc17ca86e385be89e886a878cjR,8da51259c8d859c133339aa3978e0bebhU,54412a93d61d1a4960ec6a7e2c789002pr,c2ab4292c0cff8ee6a98177d6b84b551ps,502f341f8104cb01184e37bef609063biM,6ecc6aa282f767438de221c5bd362cfccW
f52abd2165139150001e35ec47d1ce58HH,7e9bdf6a06b0b00b31a5b7d1464a8652nf,aa5e5d943b6dc10091011f7f8e6d8bc6cw,ef197b74d4db15a2b222a4c587807553EN,acd1c92663763cf287233591dcebeb72GX,935462fe67e7f06e9ec805ac47732d62pG
98a56885ed1cad5db125db31565c6690DP,a0fe7ba748d60b7f1093e8a9a9c0ce30IM,50bcad9787140cece2bff6319c6ad9aaaM,ace44eba94cb538e68bd01c3b08943b0zm,b78f1a3cc5d1c196e45d7bff3206737eTK,6bf64b029019f91bd9c05dad47615b7fML
6b21dc8d62fe0f2217444f0d4d3b45d5Ov,d97b0b287ae676e1ab9e671aeb5da664YK,b78f1a3cc5d1c196e45d7bff3206737eTK,24237f3444bfd09956b3a34587137057Pe,6bf64b029019f91bd9c05dad47615b7fML,718593002fabb71e5af9de762636b9c0CI
a74cddd52e56d14ed0d26980e3ab79b5vW,5d25f48da000a6a398b2e916e8994b70DY,cf98181c37e2d5a9ed3dba0a5be2ebdags,bf285f89a6accee7b84146a7c0743372or,7074bb6bd542f4b8141ffe5ea542e08bto,b80ea00654e32b47e41ff773b9749c16bX
d9a072804e1d902804876a031fdb300fvB,a8096e3985e5838b3ed9c64301c0bc1ahS,8c9ac309113a4350fd1b7983a7f6375euo,822bc1ec41bdcf330af0954d38477bfbbq,4956e0915a7c311ce0dfd0530d256b70bO,ff8aa1ecac0844f010e4f9d79c35edbbmK
641f2e8f8203beae1baeaaec539be6dbml,fa95b39e534643fa2664835e8da5289aGc,0c6f7f91a6553ad23327cdf944e31412TY,ff8aa1ecac0844f010e4f9d79c35edbbmK,5c68cb053746b4af567846c42d89d19aIL,f6f55a3ddf9f53700525425c7ab7abc2nX
27cb973802e3b76b0c96511666fb6a45xz,4fcec318ba712f3550f9312231c408baRP,70dbc3b0160525f14bbb817a0e470bbdyn,c8a5f628a62a552ef3149c11b027d345mE,cafb02547c249b71faeb52fa6bb61dedxX,9f728d9816f800ab4a5fe53e9333ddb2OV
c6148d8945c8610c34d3b6acbd482b5dXN,2f08688f3a8f737a66fbfe86c5c6fec1rh,4b3b185fb94f8b5e95e1fb8ea57136bfcT,e6c76cc378e1665f290f2fd0d64ee80bOx,b39fc995a69041ea91f88793205f900ehi,cf6869f8514813a84a910589819d4ba2za
4141c49d6728b7ed12334f8091433e67Hf,0e700c39da2d281634ea41e3ed2a25f6kJ,07af41e79bd499119913c201f8c48fd1kO,1211d6e446b5ca2758480dd11de23501Va,9674e6833a1aa60ee16f453257166c7fZs,a9e0ec21245ea4e9b957952e5b99679cvy
54cc3f796ec73e1ccff5052b560892f0yM,ee15c48e9691f58c51128699fa5e183abH,807b56237595f3033404971c1dd6268auS,b5907cbbfcbbe0f26d91a2030dd54a7bIh,f0e683b6ff1bd7b0842439b28bb42948ji,4f752eb6f703fcd3b053c902c83cc8dbTo
a7d016fd0f555d00d3af5c54b40a0384hk,02a3e1e875968d5072db32ccfb719ccfYv,c2d067b83ffd006ba0e4271938cca897Et,28656f38c4dd81fb264079c60c31b8a8Te,9db5c62dfb6608be54a514784451d79fGI,b0014df10e35e2b020b7a97e6cbd7db6VK
4fcec318ba712f3550f9312231c408baRP,c8a5f628a62a552ef3149c11b027d345mE,27cb973802e3b76b0c96511666fb6a45xz,cafb02547c249b71faeb52fa6bb61dedxX,531425c06692b5cd9fc25d3570f91b58tO,b50fc274fa8e79d083f70718e954bc04oN
d85ce202dc1900ce287fd5fca227109feu,36a4ebbefe6a8846a04cbd364b794e28PB,4e2248e96894a62bbd01d95aef86c72dAE,1ede298a777db86dfc699b83aa97a870Od,858a4f9fe8fe6d337cf7e96943d20089qK,3ffc364101c1f5bc60960bfc1715cb3bWT
ec32b0be58a031fd46d5a0521d56243cIm,b64b0ef4fe04490cfcdcf65f98049e5bef,5c6986f6c916e38f17953b9ac304c163ry,053c26e5ecaf3bdee7e11e6a6cc8967erV,e3989a7be5f279ec9940c568afa5fed4pc,de3406631ae68a3a3a281e4790d2a788qW
4b3b185fb94f8b5e95e1fb8ea57136bfcT,9e6013e3dca5e99b6ea059bc4694772czo,d3db748368d230911b19a124c513551arF,b39fc995a69041ea91f88793205f900ehi,2f08688f3a8f737a66fbfe86c5c6fec1rh,c6148d8945c8610c34d3b6acbd482b5dXN
5293d90d2465bd9c015b29516039e222ZS,6ecc6aa282f767438de221c5bd362cfccW,3a745f2ebc38acb40fa49b82c729c908fJ,b6ca61f29694b500e06ccc239de24b6eZf,77cd192db683a5e31ae9dfcbc1ece960rE,119a7eb24b555d2b311d2e5b9c7ad3c2Mx
e910b8d7a6764b17aed214a94e3e0e66uy,f2d94d437f4bb1669e0cfc3f41bdcfbbis,c0057865926d4142d0a760ea4871d5f4Uu,e7c9529b9b1ef53de47927698393bd8cBp,4bc9a066f73000094540599ad83e6074Wn,8d19671dfcd55924e63e777e00eaf196eA
0a8c3c3a5325f73d75dd7bf40db66cf7ka,fec21d6d83ecc4119ad6d7b6cdeeea75ak,b7285c4b10e02ef12eebd120d0432aa2yV,0a3f8b96114dbe73aa439f51411c8e72dm,5f81d0990b0217fda3bcca3c6c75aeddsr,2f24ed5637f91a5162c4d31886ff2be9nN
70fa4268f3370de14a38e004d6378026tw,6a0238d71806571e22af8a81fadbce01my,ec32b0be58a031fd46d5a0521d56243cIm,de3406631ae68a3a3a281e4790d2a788qW,053c26e5ecaf3bdee7e11e6a6cc8967erV,61935f280a39b380a0a8308b9eff5605xf
6d928dc48ff657dd96b519993537e294Ln,e7f8b56333777507a946fbe0c9ede883FL,9e6013e3dca5e99b6ea059bc4694772czo,6e7dd86aa020c1ee7d9375447e65f818DR,b4dda9678a255ecabdbad5d4906c0ad0nm,cf6869f8514813a84a910589819d4ba2za
2f08688f3a8f737a66fbfe86c5c6fec1rh,c6148d8945c8610c34d3b6acbd482b5dXN,cf6869f8514813a84a910589819d4ba2za,4b3b185fb94f8b5e95e1fb8ea57136bfcT,d3db748368d230911b19a124c513551arF,e6c76cc378e1665f290f2fd0d64ee80bOx
c6cd63765d6df89765266645196f73e8hg,9865a49e57bfe8c2ccc8da3d317cd567JS,170eaab0b17213d28246a4a663cec0d4aD,30f46075bdb6167b341c86ea00fa1503So,e3989a7be5f279ec9940c568afa5fed4pc,3a8b8be7c0b9913c2d1ec0ca31a5190fZC
053c26e5ecaf3bdee7e11e6a6cc8967erV,30f46075bdb6167b341c86ea00fa1503So,170eaab0b17213d28246a4a663cec0d4aD,e3989a7be5f279ec9940c568afa5fed4pc,ec32b0be58a031fd46d5a0521d56243cIm,c6cd63765d6df89765266645196f73e8hg
7a735654c2d60385bd16d1f84a524371Ol,983ecd3386c52e5bc656c0293944b078uz,b4dda9678a255ecabdbad5d4906c0ad0nm,d8d529812a303150a9b164a7f1f8d684oq,dfe6cf0d04a9ec579e80a0d01a524426dX,225ed1c43d3ea0edf29d9635c12054d5lM
65deacc3542293b48665da2ca78c52fcUo,c169881b44eeb17c310963f1f31a2864vx,e05e2e4de3da16e1c5bf664976f13edbxh,718593002fabb71e5af9de762636b9c0CI,26d3b659f1d35467a7bfed4445fa9d5bEh,748e8333db6a2913bd0dacbfaed07ff8Yt
c952573db2a15a8d051789f2bfb79aa3mQ,4f69ee35bb3ceaf10106e4f0f84653d7vN,14d7508540f67fe68f499f8d1c183027vC,ee6e58f5e23441e1b68cc90f71c2537adC,5ddcf5a1c02d5ea1141548fac86f9213DX,0a4f17d16aa014717b3ba30a36822757nM
872158214b89efdacbc29aca69239877uh,0a3f8b96114dbe73aa439f51411c8e72dm,87fe44ba3a8c592927008d5b4df6e06fUf,d551541dc7d49238cc74f1c7233fab9dkN,d34af353225b4621bb6bae0001eadbb1ho,fec21d6d83ecc4119ad6d7b6cdeeea75ak
87fe44ba3a8c592927008d5b4df6e06fUf,0a3f8b96114dbe73aa439f51411c8e72dm,feca0b51c983f14bf715235be1cb378boQ,872158214b89efdacbc29aca69239877uh,fec21d6d83ecc4119ad6d7b6cdeeea75ak,b7285c4b10e02ef12eebd120d0432aa2yV
dfdaf2de60432691eb255b5e2dcd189aWp,3d2889189d8d21846d69b062d3bec05cHY,273fbe2a8850ff52ee5bb047a66f2fb3Oi,936a1981d20e8bf82edc993c09240120Kn,813c1397100e0311342c31ae82f1e9c0ma,8c9e2761e1872f2d6a1857dea66f0752pQ
feca0b51c983f14bf715235be1cb378boQ,87fe44ba3a8c592927008d5b4df6e06fUf,b7285c4b10e02ef12eebd120d0432aa2yV,0a3f8b96114dbe73aa439f51411c8e72dm,d34af353225b4621bb6bae0001eadbb1ho,8ffbc8bacc2946432ef11ccad2903c47vY
a2fd3ed46d59841b1368b4cef7ac3145GA,0e41e0e9074471576b126b5427fc66f5ar,de671cd5c52f786f06daa0c40bb7a4fasU,e8b1fd6fc98a46791af1eafeb97d65f8uk,bfe0f91921c7060a56cfd0b00cd98088Yy,495a20cc2edcbbbea1fd8c5f9955a5dbYD
03ff9d9b717fe97b916da0fee1a2041aWb,bf285f89a6accee7b84146a7c0743372or,e02285bf5335471124d1455b846d726bcd,c2c576291d16df8c2f9402eb9436e9b6jF,cf98181c37e2d5a9ed3dba0a5be2ebdags,c2ab4292c0cff8ee6a98177d6b84b551ps
8ac8fbc023ca685137c8c1d655165b2dvL,4afde260ec81a7a695e8f0520bc1556eao,c7c55c16d01363df22b3dd00cb7d0255ZN,fce150990059eebabfb66081c27116bblr,9b2e462e65329df7de0a57ca99a1305bIi,fbc38035a6bd7afa5caddb91fb28f761tl
f6badf2749e358bfacb1f137c6c05cf4uJ,be1bd80cdfccf32008dff1e458ebbb32De,de3406631ae68a3a3a281e4790d2a788qW,de671cd5c52f786f06daa0c40bb7a4fasU,8cb903c8b7457b12de291e6ff05cc902JG,63efdd3907deb5fa3028501c7451b124Yp
cf6869f8514813a84a910589819d4ba2za,2f08688f3a8f737a66fbfe86c5c6fec1rh,e7f8b56333777507a946fbe0c9ede883FL,b4dda9678a255ecabdbad5d4906c0ad0nm,c6148d8945c8610c34d3b6acbd482b5dXN,d3db748368d230911b19a124c513551arF
5c68cb053746b4af567846c42d89d19aIL,fce150990059eebabfb66081c27116bblr,17885aae1b5cd10cdec570c0065d6839mC,fbc38035a6bd7afa5caddb91fb28f761tl,c35ff76c907f127442987864ccb14107wu,9b2e462e65329df7de0a57ca99a1305bIi
0694e9b949bb34e23508a569c1caa938id,03af2f03520cc54451b3c3d1cd42aabfgi,4bc9a066f73000094540599ad83e6074Wn,777ffb2a20d200ac261ba86d8d632035dR,7413011c61e2ef1b880eaf0071d05dd6Bj,ccda91da207371bee193ca2905b0ea2eOx
14048d07f6236aea0f8b7b390d680e7blh,3bb33fce4818ece3d3df801d0d8705b5WJ,27839c7e34ae4b3c0008dc0f38bed312HO,79977d206c55c53546e52e9a1e8f9c14qP,15d3753085d386f193e30f663a2137a2iY,6692cae33cbeec4a2255f8d5448d98cckj
30f46075bdb6167b341c86ea00fa1503So,170eaab0b17213d28246a4a663cec0d4aD,053c26e5ecaf3bdee7e11e6a6cc8967erV,c6cd63765d6df89765266645196f73e8hg,9865a49e57bfe8c2ccc8da3d317cd567JS,e3989a7be5f279ec9940c568afa5fed4pc
34ae4557c304364c62308c78a32b9d66xj,dc1e9eb9011a4e9585e4be0aac7e8cc0fB,3f3dec5b9f3e1bf35e1795763e33c2adqz,74f4e3ebfefd13de069bfa44d7446edeVx,0ec402579ef6d7c3defa2499abfd8ccfDJ,8dbad29b62f76ced5785d473ef04e967Wv
9c68e13b8a77859d02808de926eeb10cGj,9865a49e57bfe8c2ccc8da3d317cd567JS,170eaab0b17213d28246a4a663cec0d4aD,61935f280a39b380a0a8308b9eff5605xf,3a8b8be7c0b9913c2d1ec0ca31a5190fZC,30f46075bdb6167b341c86ea00fa1503So
d97b0b287ae676e1ab9e671aeb5da664YK,24237f3444bfd09956b3a34587137057Pe,02a3e1e875968d5072db32ccfb719ccfYv,cab5b67981d40ae065b5a0ad14d2212dVE,28656f38c4dd81fb264079c60c31b8a8Te,6b21dc8d62fe0f2217444f0d4d3b45d5Ov
2f24ed5637f91a5162c4d31886ff2be9nN,fec21d6d83ecc4119ad6d7b6cdeeea75ak,1211d6e446b5ca2758480dd11de23501Va,71b07ac56ff5303feecfe743c856ecd8jr,875263afa0cf88c152410b2df7897cf2lt,161d0f386f95f2c81954109e33f07191Ql
4a5b9788d3a6f0921cb875dc25cc9038Qi,cace82016505f7cf13d50bc15f0b8e98Eg,cf459b942bf80d0020e736ea52cc93d7ZQ,8a4ce9d6b13c5bb79e823819f072bce2NU,cab5b67981d40ae065b5a0ad14d2212dVE,b5d2eca0229f720126665cc6cf820e11os
e05e2e4de3da16e1c5bf664976f13edbxh,c169881b44eeb17c310963f1f31a2864vx,748e8333db6a2913bd0dacbfaed07ff8Yt,cafb02547c249b71faeb52fa6bb61dedxX,65deacc3542293b48665da2ca78c52fcUo,c8a5f628a62a552ef3149c11b027d345mE
7074bb6bd542f4b8141ffe5ea542e08bto,5d25f48da000a6a398b2e916e8994b70DY,9db5c62dfb6608be54a514784451d79fGI,d1a6a2c733ceba4afab5abfe6eaad2edeP,cf98181c37e2d5a9ed3dba0a5be2ebdags,7e4691ac194ff1d3fdccf5a06ac224e4YZ
4a9c1afcc24211e34ef677d504e43317or,e6c76cc378e1665f290f2fd0d64ee80bOx,737a9c128f24eac43e1cd8332b81e355ed,8d8b1ca0006e48e9cbf3097777cdcae3vl,2ba830252c837dc1d5843cdf5e806b60Gb,c6148d8945c8610c34d3b6acbd482b5dXN
74f4e3ebfefd13de069bfa44d7446edeVx,8dbad29b62f76ced5785d473ef04e967Wv,f0454498b307ac2d12748e65f717c6a0Yn,0ec402579ef6d7c3defa2499abfd8ccfDJ,a23d8fa7398c01849813b93b575be20eUh,3f3dec5b9f3e1bf35e1795763e33c2adqz
161d0f386f95f2c81954109e33f07191Ql,3eda195f286d441925c3315ed0fb58a2vY,939bd39b758334a9030232ca12ab2e81bs,875263afa0cf88c152410b2df7897cf2lt,71b07ac56ff5303feecfe743c856ecd8jr,8025cd1c9b4fe2049038d2e5aa503f14Ot
bf4156a8fab5b7d665d9d1c87f9ab23bSh,9dc7fd9dcd1e29cd7a859b5b61e70fc2CF,596b94c7028d878128ce6ae027bcefb9PX,b4af145724716431010f23a71c5f29b2bz,14d7508540f67fe68f499f8d1c183027vC,cdc4df30fd34ddb522bf6770ea6ad492me
7413011c61e2ef1b880eaf0071d05dd6Bj,4bc9a066f73000094540599ad83e6074Wn,9c5781126a8873479913872b17a03155Dx,e7c9529b9b1ef53de47927698393bd8cBp,0694e9b949bb34e23508a569c1caa938id,e910b8d7a6764b17aed214a94e3e0e66uy
dc4df1f4560ca4fd32a5dfcd8f115d21Lx,ac1651a50de03698903b5e7451f79526nm,1edafa02323a48bacebb4f8cbc459f89os,7533af0755412eae141e801b9d3bf9a3gw,c2d067b83ffd006ba0e4271938cca897Et,258d62351d9b9767eb1d88be9ef58df3mw
7c1d5f183484455cb34f6187f3f570a7uq,4f752eb6f703fcd3b053c902c83cc8dbTo,872158214b89efdacbc29aca69239877uh,54cc3f796ec73e1ccff5052b560892f0yM,ee15c48e9691f58c51128699fa5e183abH,7c03a22e410633e6ed7f8c9cbc1fddbeYW
136e9ccc57655b5d17532153a2812f95KX,d77997be69133aa7af4aed14fb1afeecvi,33d0f4243ae442527f2b29a7d7146fabrv,ffa4542fb90e942f30ba784edb604993gi,c6cd63765d6df89765266645196f73e8hg,db217dbaa710b829930dc7122cd46b10og
c8a5f628a62a552ef3149c11b027d345mE,531425c06692b5cd9fc25d3570f91b58tO,cafb02547c249b71faeb52fa6bb61dedxX,4fcec318ba712f3550f9312231c408baRP,c169881b44eeb17c310963f1f31a2864vx,e05e2e4de3da16e1c5bf664976f13edbxh
ff8aa1ecac0844f010e4f9d79c35edbbmK,8c9ac309113a4350fd1b7983a7f6375euo,0c6f7f91a6553ad23327cdf944e31412TY,641f2e8f8203beae1baeaaec539be6dbml,d9a072804e1d902804876a031fdb300fvB,c6cd63765d6df89765266645196f73e8hg
6a0238d71806571e22af8a81fadbce01my,fa931e8879ab7159dc3a88cf90edff96qe,70fa4268f3370de14a38e004d6378026tw,ba2ae5388b7dd84b76740fe1ef6fae93Ef,89cf4646d04196235c4e03b32fe43adbLv,3be3c17c76447be6f22b5a7fc3eee10avb
90b5bc072fc8f3f3a0a3a50dff8e0d69Dv,ee6e58f5e23441e1b68cc90f71c2537adC,4f69ee35bb3ceaf10106e4f0f84653d7vN,4453098dc5a579d22f79dcb867e8f91eNF,22c1125e6abc9718b478d8c7b3681d90so,b4af145724716431010f23a71c5f29b2bz
1457f9ec0e36c66a7f2c6937288a30e8CD,f790d068502cfa3dbe54fb7cc93ffacfOH,756cd16c85e478f0200f2525a9c4b91bhc,527f12046bd95998116ae44932dbeaa2Jj,cfb532a78c0f19930699417a26ffa1actL,b633d1583bf95cfc687a8b715c7f1f7cfX
aed5a58de988ccb813a2b64c45b9b85aqY,243d3773a2043eebadeea2082fe996a4YX,9a83ce43a9134fc33324aeef92aa4427Ac,de671cd5c52f786f06daa0c40bb7a4fasU,e8fd9d334ebfa6557c7310afda53108dgV,822bc1ec41bdcf330af0954d38477bfbbq
d1a6a2c733ceba4afab5abfe6eaad2edeP,b0014df10e35e2b020b7a97e6cbd7db6VK,9db5c62dfb6608be54a514784451d79fGI,02a3e1e875968d5072db32ccfb719ccfYv,5d25f48da000a6a398b2e916e8994b70DY,7e4691ac194ff1d3fdccf5a06ac224e4YZ
13eac268bcc73529f5806311a1f65002tg,86cede092d049c037a27dafc26975891SY,c2ab4292c0cff8ee6a98177d6b84b551ps,03ff9d9b717fe97b916da0fee1a2041aWb,c2c576291d16df8c2f9402eb9436e9b6jF,a74cddd52e56d14ed0d26980e3ab79b5vW
cafb02547c249b71faeb52fa6bb61dedxX,e05e2e4de3da16e1c5bf664976f13edbxh,b50fc274fa8e79d083f70718e954bc04oN,c8a5f628a62a552ef3149c11b027d345mE,c169881b44eeb17c310963f1f31a2864vx,531425c06692b5cd9fc25d3570f91b58tO
833fe69b8d9df3f2cdeb07b7ee12c896IA,8d8b1ca0006e48e9cbf3097777cdcae3vl,7a38ed74c59d017a548b8fbad60b7801FE,a8f0de4b2ecd3752ab2c35059a8fc9b1yt,6a6a932d9a0f9855cef286ca348c51c3IG,b8edf754a7c0a57d2f13ff34d17bbd31LE
cace82016505f7cf13d50bc15f0b8e98Eg,cf459b942bf80d0020e736ea52cc93d7ZQ,4a5b9788d3a6f0921cb875dc25cc9038Qi,8a4ce9d6b13c5bb79e823819f072bce2NU,cab5b67981d40ae065b5a0ad14d2212dVE,b51eaa91d54c8b1c938955118b9e733bwn
45f5d3ce32b2d51a8e663a5551740affnM,9cdd14f43a86e316ab9434a6b6d7cca1jt,87fe44ba3a8c592927008d5b4df6e06fUf,0a3f8b96114dbe73aa439f51411c8e72dm,7c1d5f183484455cb34f6187f3f570a7uq,d4d808d040c1e0c0a6e48059d362b3besU
52dd686e7bb63932da15bce81622d2f7rz,7c219d38f646b5bbac1c310be021f444bn,dc1df9de2d263f6da7500b4e698a4af3EN,be7aabc44a6dfb297ee37090e0b92135dg,4141c49d6728b7ed12334f8091433e67Hf,07af41e79bd499119913c201f8c48fd1kO
872918bc1820becac38a63d66715f428Nm,dc1e9eb9011a4e9585e4be0aac7e8cc0fB,34ae4557c304364c62308c78a32b9d66xj,6a526a67163636038830c42d84835f5bVW,66b30cf2a764150f3df1e271820283babe,6b79bb6fc17ca86e385be89e886a878cjR
f9456856ae0ccdaafc3de2ffaf1c36c9vU,a77c57d9f2abbc5d9a0aaf7a3fb63be6DV,8c9e2761e1872f2d6a1857dea66f0752pQ,95d0a4d332d5246ee47d6aa1d0ecf46bHn,936a1981d20e8bf82edc993c09240120Kn,8f5496d7b42eabbe364cd31c5ca6e7a5FN
b39fc995a69041ea91f88793205f900ehi,d3db748368d230911b19a124c513551arF,4b3b185fb94f8b5e95e1fb8ea57136bfcT,61f46ba981ced5311cb80702d5f02f69At,172e948226b5662e2471a348a3187f38Vk,4ff798059b5eed5c85da95c7bb0c0205NE
fbc38035a6bd7afa5caddb91fb28f761tl,fce150990059eebabfb66081c27116bblr,9b2e462e65329df7de0a57ca99a1305bIi,a77a9b225229066c6710ad6b8e391853an,5c68cb053746b4af567846c42d89d19aIL,25bde77acd878e048b2458f263c9a678fX
4956e0915a7c311ce0dfd0530d256b70bO,c2ab4292c0cff8ee6a98177d6b84b551ps,e7592ba6835d043cb60cafaa068c38b6Ak,602e2803b631c8b228fae03be2b01c4dQy,3a745f2ebc38acb40fa49b82c729c908fJ,e02285bf5335471124d1455b846d726bcd
9004e1a48b485566c169c7a2db5eb71bht,2ba830252c837dc1d5843cdf5e806b60Gb,50bcad9787140cece2bff6319c6ad9aaaM,646cec751bccfd48dd50020dc2de7e88ns,61f46ba981ced5311cb80702d5f02f69At,6692cae33cbeec4a2255f8d5448d98cckj
003e938689ebf587656886f742f51336YL,5f81d0990b0217fda3bcca3c6c75aeddsr,323e11ad5b703092e4e2ad838a772afbpW,9170a61a9de08122b73dd44936422bc8VC,0a8c3c3a5325f73d75dd7bf40db66cf7ka,49e3bf3f5e1d7615a4a1813b8ea508f4BC
3a8b8be7c0b9913c2d1ec0ca31a5190fZC,61935f280a39b380a0a8308b9eff5605xf,178758937861b72662e06a49a67c3744QZ,c6cd63765d6df89765266645196f73e8hg,fce150990059eebabfb66081c27116bblr,9c68e13b8a77859d02808de926eeb10cGj
3c20f3990744e18983993a9ac13493abqo,f4b9bbc70d62642aad172544b3ebaba5dV,c02d97ac1db456c535435d45ddf2e789Us,473a3740ddf3fbd3fd83726d2cafe70dxp,60f35cd5592bc7c6ef047a572ab20b10Cp,bfe481a14a960d4db2e8158cd491f4e4oB
0a3f8b96114dbe73aa439f51411c8e72dm,87fe44ba3a8c592927008d5b4df6e06fUf,872158214b89efdacbc29aca69239877uh,feca0b51c983f14bf715235be1cb378boQ,d34af353225b4621bb6bae0001eadbb1ho,fec21d6d83ecc4119ad6d7b6cdeeea75ak
9674e6833a1aa60ee16f453257166c7fZs,3b1e832558460a975fbfef728538400eUP,2e980b774f5243d770e8d8e7737fd489JP,d551541dc7d49238cc74f1c7233fab9dkN,4141c49d6728b7ed12334f8091433e67Hf,51b08e609b8cd069a426306d4deec371eK
5ca0e762bdcf1767cacc47634e9ba75fUp,5bbdc32a916bd7b01271e3644bf86083OD,efc30669d839a363aa7ddf51cf53f961YP,ace44eba94cb538e68bd01c3b08943b0zm,5f21f2662368c51b3c5be85663a899c9nw,eeb6501b45527289b60aee343115e273QG
4f23be70201e496993a2bd529c9e5714iK,3ffc364101c1f5bc60960bfc1715cb3bWT,28a811a51bdd226a9476cae7ec3a30fdsi,7c03a22e410633e6ed7f8c9cbc1fddbeYW,f0e683b6ff1bd7b0842439b28bb42948ji,f56d88870f36490b131e1c21b39ead36VZ
6cdaf4632192f8848dae49d61aceebe3dT,60f35cd5592bc7c6ef047a572ab20b10Cp,284de30ff73b6cf8a5fcb553237c199arX,c02d97ac1db456c535435d45ddf2e789Us,3c20f3990744e18983993a9ac13493abqo,f4b9bbc70d62642aad172544b3ebaba5dV
5c6986f6c916e38f17953b9ac304c163ry,b64b0ef4fe04490cfcdcf65f98049e5bef,ec32b0be58a031fd46d5a0521d56243cIm,de671cd5c52f786f06daa0c40bb7a4fasU,a2fd3ed46d59841b1368b4cef7ac3145GA,e3989a7be5f279ec9940c568afa5fed4pc
c02d97ac1db456c535435d45ddf2e789Us,bfe481a14a960d4db2e8158cd491f4e4oB,42ffe6c9f6c0260b93237ac0762694f6Zd,3c20f3990744e18983993a9ac13493abqo,e54e2226e9f71bbde9fc7cae836eae45uO,6cdaf4632192f8848dae49d61aceebe3dT
a8096e3985e5838b3ed9c64301c0bc1ahS,822bc1ec41bdcf330af0954d38477bfbbq,e8fd9d334ebfa6557c7310afda53108dgV,d9a072804e1d902804876a031fdb300fvB,4956e0915a7c311ce0dfd0530d256b70bO,8cb903c8b7457b12de291e6ff05cc902JG
15dea4ef17be7dcdcd8d7be3a8e60268eA,cfb532a78c0f19930699417a26ffa1actL,f195059b1e3b1ced1d42b17b35ab6fa8os,b633d1583bf95cfc687a8b715c7f1f7cfX,9a6777ec82cd970895167e715f0d846ayp,1607816ce60c9f486fc65fe4bcb1236dtq
822bc1ec41bdcf330af0954d38477bfbbq,a8096e3985e5838b3ed9c64301c0bc1ahS,e8fd9d334ebfa6557c7310afda53108dgV,e02285bf5335471124d1455b846d726bcd,4956e0915a7c311ce0dfd0530d256b70bO,792a8ca952149efb125687755042cc5eQb
d4d808d040c1e0c0a6e48059d362b3besU,022cd38cc890b1117978a51518cf8d20nV,45f5d3ce32b2d51a8e663a5551740affnM,ba2ae5388b7dd84b76740fe1ef6fae93Ef,feca0b51c983f14bf715235be1cb378boQ,87fe44ba3a8c592927008d5b4df6e06fUf
0c6f7f91a6553ad23327cdf944e31412TY,ff8aa1ecac0844f010e4f9d79c35edbbmK,6cdaf4632192f8848dae49d61aceebe3dT,641f2e8f8203beae1baeaaec539be6dbml,284de30ff73b6cf8a5fcb553237c199arX,5c68cb053746b4af567846c42d89d19aIL
0e700c39da2d281634ea41e3ed2a25f6kJ,4141c49d6728b7ed12334f8091433e67Hf,07af41e79bd499119913c201f8c48fd1kO,1211d6e446b5ca2758480dd11de23501Va,fec21d6d83ecc4119ad6d7b6cdeeea75ak,9674e6833a1aa60ee16f453257166c7fZs
be1bd80cdfccf32008dff1e458ebbb32De,f6badf2749e358bfacb1f137c6c05cf4uJ,cafb02547c249b71faeb52fa6bb61dedxX,63efdd3907deb5fa3028501c7451b124Yp,ec32b0be58a031fd46d5a0521d56243cIm,e3989a7be5f279ec9940c568afa5fed4pc
cab5b67981d40ae065b5a0ad14d2212dVE,24237f3444bfd09956b3a34587137057Pe,9db5c62dfb6608be54a514784451d79fGI,8a4ce9d6b13c5bb79e823819f072bce2NU,02a3e1e875968d5072db32ccfb719ccfYv,28656f38c4dd81fb264079c60c31b8a8Te
82bf606b23d3253b865c68efba4458bcKM,b633d1583bf95cfc687a8b715c7f1f7cfX,756cd16c85e478f0200f2525a9c4b91bhc,af942f9bf32051b7f379995efca6a106Im,4a5b9788d3a6f0921cb875dc25cc9038Qi,51dd34fcb1d8984ee25b9e8c8fc8065aLS
c169881b44eeb17c310963f1f31a2864vx,e05e2e4de3da16e1c5bf664976f13edbxh,65deacc3542293b48665da2ca78c52fcUo,cafb02547c249b71faeb52fa6bb61dedxX,c8a5f628a62a552ef3149c11b027d345mE,70dbc3b0160525f14bbb817a0e470bbdyn
6c0c3ccc4b7bc6b7a840b9707050f7e3tw,243d3773a2043eebadeea2082fe996a4YX,f3dd7ddf8173000981932669db21137aqi,aed5a58de988ccb813a2b64c45b9b85aqY,8fcb2e11b62aa37030a86049ecb78609XL,b1e0e6b7bb4f6bc7a9bf6e222edbbabcAy
5d72529cb35bb4f61f8b3796729df3a0mi,713b5b47e30ee792b39d069975450a57wb,d3db748368d230911b19a124c513551arF,b51eaa91d54c8b1c938955118b9e733bwn,9e6013e3dca5e99b6ea059bc4694772czo,02a3e1e875968d5072db32ccfb719ccfYv
718593002fabb71e5af9de762636b9c0CI,d97b0b287ae676e1ab9e671aeb5da664YK,6b21dc8d62fe0f2217444f0d4d3b45d5Ov,6e7dd86aa020c1ee7d9375447e65f818DR,5d72529cb35bb4f61f8b3796729df3a0mi,24237f3444bfd09956b3a34587137057Pe
61f46ba981ced5311cb80702d5f02f69At,b39fc995a69041ea91f88793205f900ehi,d3db748368d230911b19a124c513551arF,2f08688f3a8f737a66fbfe86c5c6fec1rh,4b3b185fb94f8b5e95e1fb8ea57136bfcT,a7d016fd0f555d00d3af5c54b40a0384hk
b0da545d3783bab813df3d0229b1ba46zl,7a38ed74c59d017a548b8fbad60b7801FE,90a6d59a459719e1d355c066f1d7fd23bi,833fe69b8d9df3f2cdeb07b7ee12c896IA,ed8f48a9fecf2a12196bcfd8d9602f62QR,95af3c94f8a12b531bfe9b40a8a421c6Kd
9cdd14f43a86e316ab9434a6b6d7cca1jt,a77c57d9f2abbc5d9a0aaf7a3fb63be6DV,45f5d3ce32b2d51a8e663a5551740affnM,f9456856ae0ccdaafc3de2ffaf1c36c9vU,48821352070835db6dc745335c124510sW,003e938689ebf587656886f742f51336YL
8fcb2e11b62aa37030a86049ecb78609XL,c71978e9b5995cc439f2ada86c0886c1lE,62309056c4ec13097abf21bc13e98efcHQ,b1e0e6b7bb4f6bc7a9bf6e222edbbabcAy,36a4ebbefe6a8846a04cbd364b794e28PB,6c0c3ccc4b7bc6b7a840b9707050f7e3tw
b6ca61f29694b500e06ccc239de24b6eZf,6ecc6aa282f767438de221c5bd362cfccW,5293d90d2465bd9c015b29516039e222ZS,3a745f2ebc38acb40fa49b82c729c908fJ,77cd192db683a5e31ae9dfcbc1ece960rE,119a7eb24b555d2b311d2e5b9c7ad3c2Mx
c2d067b83ffd006ba0e4271938cca897Et,a7d016fd0f555d00d3af5c54b40a0384hk,7533af0755412eae141e801b9d3bf9a3gw,b0014df10e35e2b020b7a97e6cbd7db6VK,02a3e1e875968d5072db32ccfb719ccfYv,d1a6a2c733ceba4afab5abfe6eaad2edeP
00cce9ec293be2966080e49c707d6b80wE,71b07ac56ff5303feecfe743c856ecd8jr,a4109b9c3bf9fe3c81b83bb050db02aeNm,1211d6e446b5ca2758480dd11de23501Va,875263afa0cf88c152410b2df7897cf2lt,939bd39b758334a9030232ca12ab2e81bs
1c8fda6b9e8474d63e4d15441c94084aiq,935462fe67e7f06e9ec805ac47732d62pG,ef197b74d4db15a2b222a4c587807553EN,9642436fe9429528f86a1e6b2475a431Ve,23c79d0de6b0bac0fce23f001f4c8daeir,7e9bdf6a06b0b00b31a5b7d1464a8652nf
24176bd78dfeab8bcebc233891d488edYd,1896702325cd9faeb5028da0562d396eUp,bdc3af2ad806c8e81af071207443b002hQ,3b7d6dd0ae488f8b8d59a240850cfcb9ro,4d3dbb2ce2937a80ec7a0d6be74e05d3Uf,be7aabc44a6dfb297ee37090e0b92135dg
6692cae33cbeec4a2255f8d5448d98cckj,27839c7e34ae4b3c0008dc0f38bed312HO,79977d206c55c53546e52e9a1e8f9c14qP,14048d07f6236aea0f8b7b390d680e7blh,e1d1a2b35b4e4846b34a2f0549efc56bKd,1edafa02323a48bacebb4f8cbc459f89os
27614ed7fc171099fb8c98edecda7b0foC,ec3f404e7e04e259a543ec601a9f6099kG,044f23ccde80c4e10c815baaefaea481bZ,8da13f83e8ff754d72cd9b48f212435atK,6389c46660ea99da632ad81ac5a0ce95El,de3406631ae68a3a3a281e4790d2a788qW
6add08921129256cd7d0ed1077e7adbeJe,cf459b942bf80d0020e736ea52cc93d7ZQ,1f960c9ee4b3ffaf1c8321060172473eVY,5d72529cb35bb4f61f8b3796729df3a0mi,b51eaa91d54c8b1c938955118b9e733bwn,6d928dc48ff657dd96b519993537e294Ln
62309056c4ec13097abf21bc13e98efcHQ,8fcb2e11b62aa37030a86049ecb78609XL,c71978e9b5995cc439f2ada86c0886c1lE,5293d90d2465bd9c015b29516039e222ZS,fe7acb00e09ae54ace4af8081dfd7ca6yR,b6ca61f29694b500e06ccc239de24b6eZf
27839c7e34ae4b3c0008dc0f38bed312HO,79977d206c55c53546e52e9a1e8f9c14qP,14048d07f6236aea0f8b7b390d680e7blh,3bb33fce4818ece3d3df801d0d8705b5WJ,6692cae33cbeec4a2255f8d5448d98cckj,15d3753085d386f193e30f663a2137a2iY
79977d206c55c53546e52e9a1e8f9c14qP,27839c7e34ae4b3c0008dc0f38bed312HO,3bb33fce4818ece3d3df801d0d8705b5WJ,14048d07f6236aea0f8b7b390d680e7blh,15d3753085d386f193e30f663a2137a2iY,6692cae33cbeec4a2255f8d5448d98cckj
9dc7fd9dcd1e29cd7a859b5b61e70fc2CF,bf4156a8fab5b7d665d9d1c87f9ab23bSh,596b94c7028d878128ce6ae027bcefb9PX,cdc4df30fd34ddb522bf6770ea6ad492me,f56d88870f36490b131e1c21b39ead36VZ,ee6e58f5e23441e1b68cc90f71c2537adC
61935f280a39b380a0a8308b9eff5605xf,3a8b8be7c0b9913c2d1ec0ca31a5190fZC,178758937861b72662e06a49a67c3744QZ,9c68e13b8a77859d02808de926eeb10cGj,170eaab0b17213d28246a4a663cec0d4aD,c6cd63765d6df89765266645196f73e8hg
3e84b63237fab642adbc32ec455a285fKD,003e938689ebf587656886f742f51336YL,45f5d3ce32b2d51a8e663a5551740affnM,57a856080bc80b466b1184533513ddfdBY,8c9e2761e1872f2d6a1857dea66f0752pQ,9cdd14f43a86e316ab9434a6b6d7cca1jt
748e8333db6a2913bd0dacbfaed07ff8Yt,ad9066e28ff82a0711c2feb8f7bef627Yc,e05e2e4de3da16e1c5bf664976f13edbxh,65deacc3542293b48665da2ca78c52fcUo,cafb02547c249b71faeb52fa6bb61dedxX,26d3b659f1d35467a7bfed4445fa9d5bEh
f2d94d437f4bb1669e0cfc3f41bdcfbbis,e910b8d7a6764b17aed214a94e3e0e66uy,e7c9529b9b1ef53de47927698393bd8cBp,c0057865926d4142d0a760ea4871d5f4Uu,4fcec318ba712f3550f9312231c408baRP,4567e91f242e95572016a7ce353f8c17NV
de671cd5c52f786f06daa0c40bb7a4fasU,aed5a58de988ccb813a2b64c45b9b85aqY,8cb903c8b7457b12de291e6ff05cc902JG,a2fd3ed46d59841b1368b4cef7ac3145GA,243d3773a2043eebadeea2082fe996a4YX,9a83ce43a9134fc33324aeef92aa4427Ac
f0454498b307ac2d12748e65f717c6a0Yn,8dbad29b62f76ced5785d473ef04e967Wv,74f4e3ebfefd13de069bfa44d7446edeVx,0ec402579ef6d7c3defa2499abfd8ccfDJ,f6f55a3ddf9f53700525425c7ab7abc2nX,1c8fda6b9e8474d63e4d15441c94084aiq
1c3fdee204b6225d7ddf857a75c34716vE,fe7acb00e09ae54ace4af8081dfd7ca6yR,62309056c4ec13097abf21bc13e98efcHQ,3f3dec5b9f3e1bf35e1795763e33c2adqz,b6ca61f29694b500e06ccc239de24b6eZf,6ecc6aa282f767438de221c5bd362cfccW
e3989a7be5f279ec9940c568afa5fed4pc,30f46075bdb6167b341c86ea00fa1503So,c6cd63765d6df89765266645196f73e8hg,170eaab0b17213d28246a4a663cec0d4aD,053c26e5ecaf3bdee7e11e6a6cc8967erV,9865a49e57bfe8c2ccc8da3d317cd567JS
3ffc364101c1f5bc60960bfc1715cb3bWT,4f23be70201e496993a2bd529c9e5714iK,e28de28416e52f4890b4479cbdd4239aVC,7c03a22e410633e6ed7f8c9cbc1fddbeYW,28a811a51bdd226a9476cae7ec3a30fdsi,f791d193705285239c7cc7a9a3cd4b31qp
2ba830252c837dc1d5843cdf5e806b60Gb,9004e1a48b485566c169c7a2db5eb71bht,4a9c1afcc24211e34ef677d504e43317or,9d660c7c4361080a1d764fb8140b5079zx,a8f0de4b2ecd3752ab2c35059a8fc9b1yt,e6c76cc378e1665f290f2fd0d64ee80bOx
044f23ccde80c4e10c815baaefaea481bZ,ec3f404e7e04e259a543ec601a9f6099kG,42979970aa4341050996f71d3a9fa37fCW,27614ed7fc171099fb8c98edecda7b0foC,de3406631ae68a3a3a281e4790d2a788qW,1f9f677672ff272b529bc4fef60e6347hA
740812be29b815735a3faba7692bad09hG,c46318d68289604b7e118d770196f55enK,9c68e13b8a77859d02808de926eeb10cGj,8cb903c8b7457b12de291e6ff05cc902JG,a0fe7ba748d60b7f1093e8a9a9c0ce30IM,748e8333db6a2913bd0dacbfaed07ff8Yt
5bbdc32a916bd7b01271e3644bf86083OD,5ca0e762bdcf1767cacc47634e9ba75fUp,eeb6501b45527289b60aee343115e273QG,efc30669d839a363aa7ddf51cf53f961YP,ace44eba94cb538e68bd01c3b08943b0zm,5f21f2662368c51b3c5be85663a899c9nw
36a4ebbefe6a8846a04cbd364b794e28PB,d85ce202dc1900ce287fd5fca227109feu,1ede298a777db86dfc699b83aa97a870Od,c71978e9b5995cc439f2ada86c0886c1lE,3ffc364101c1f5bc60960bfc1715cb3bWT,c952573db2a15a8d051789f2bfb79aa3mQ
9b2e462e65329df7de0a57ca99a1305bIi,fbc38035a6bd7afa5caddb91fb28f761tl,c7c55c16d01363df22b3dd00cb7d0255ZN,bdc3af2ad806c8e81af071207443b002hQ,c35ff76c907f127442987864ccb14107wu,fce150990059eebabfb66081c27116bblr
646cec751bccfd48dd50020dc2de7e88ns,d9f429b9c373bef2ecf54ac73e4b7831SL,d220eeb7238dcdb06883a58ad71914a6VJ,7a735654c2d60385bd16d1f84a524371Ol,5f21f2662368c51b3c5be85663a899c9nw,983ecd3386c52e5bc656c0293944b078uz
a77a9b225229066c6710ad6b8e391853an,25bde77acd878e048b2458f263c9a678fX,fce150990059eebabfb66081c27116bblr,fbc38035a6bd7afa5caddb91fb28f761tl,9b2e462e65329df7de0a57ca99a1305bIi,c7c55c16d01363df22b3dd00cb7d0255ZN
48821352070835db6dc745335c124510sW,3b7d6dd0ae488f8b8d59a240850cfcb9ro,24176bd78dfeab8bcebc233891d488edYd,875111d32951f437bf1437484a039a03pj,9cdd14f43a86e316ab9434a6b6d7cca1jt,51b08e609b8cd069a426306d4deec371eK
3be3c17c76447be6f22b5a7fc3eee10avb,7a3aaba40a658ad3a63f7f6e866d0f93lT,fa931e8879ab7159dc3a88cf90edff96qe,ba2ae5388b7dd84b76740fe1ef6fae93Ef,d4d808d040c1e0c0a6e48059d362b3besU,b1e0e6b7bb4f6bc7a9bf6e222edbbabcAy
266fca6f1dfcf0aa7abc984879d82661Rz,bc392b4f32296a0b283b1e40f74e7073EZ,15dea4ef17be7dcdcd8d7be3a8e60268eA,311121e441f8c6129383a0e6b10236c0ht,cfb532a78c0f19930699417a26ffa1actL,2999196bb719bf2e9dff335a60deec16CC
fa931e8879ab7159dc3a88cf90edff96qe,6a0238d71806571e22af8a81fadbce01my,3be3c17c76447be6f22b5a7fc3eee10avb,f3dd7ddf8173000981932669db21137aqi,d4d808d040c1e0c0a6e48059d362b3besU,3e84b63237fab642adbc32ec455a285fKD
5f19c4a94ff5d83dc8831e988e8c5f93rh,dc1df9de2d263f6da7500b4e698a4af3EN,c35ff76c907f127442987864ccb14107wu,687863facd95f34a82fb9076ee0ba62fVX,bdc3af2ad806c8e81af071207443b002hQ,2c1c874469295bb84d33f7f88e38b324dy
eeb6501b45527289b60aee343115e273QG,ace44eba94cb538e68bd01c3b08943b0zm,5bbdc32a916bd7b01271e3644bf86083OD,1edafa02323a48bacebb4f8cbc459f89os,c2d067b83ffd006ba0e4271938cca897Et,5ca0e762bdcf1767cacc47634e9ba75fUp
ab74ef827f405baad7de14859e8c655fnx,55656b9cd5207103d31e376c951255a0RQ,f6f55a3ddf9f53700525425c7ab7abc2nX,8c9ac309113a4350fd1b7983a7f6375euo,7a25d244a83b21ebe4309ee2f3a1cd9bcd,cca22b8a0809ae91a19e360acefa6a84ht
f0e683b6ff1bd7b0842439b28bb42948ji,ee15c48e9691f58c51128699fa5e183abH,f56d88870f36490b131e1c21b39ead36VZ,7c03a22e410633e6ed7f8c9cbc1fddbeYW,4f752eb6f703fcd3b053c902c83cc8dbTo,4f23be70201e496993a2bd529c9e5714iK
2f7eae64f93f264591f673d62ee8f2d5XG,756cd16c85e478f0200f2525a9c4b91bhc,b633d1583bf95cfc687a8b715c7f1f7cfX,7712f915b711819e0ea6173d71d04012ro,50c71c3ccff7ca9824fb8c5e174058deFo,8a4ce9d6b13c5bb79e823819f072bce2NU
b64b0ef4fe04490cfcdcf65f98049e5bef,ec32b0be58a031fd46d5a0521d56243cIm,5c6986f6c916e38f17953b9ac304c163ry,053c26e5ecaf3bdee7e11e6a6cc8967erV,3155d89ac1ee4d6de0457937ebde71f1eI,e3989a7be5f279ec9940c568afa5fed4pc
b1e0e6b7bb4f6bc7a9bf6e222edbbabcAy,c71978e9b5995cc439f2ada86c0886c1lE,36a4ebbefe6a8846a04cbd364b794e28PB,8403d852ce63c3fe9da50fb9cc829ca5DK,6d50a14ee87f8984264ea68a122b3ae9ps,3be3c17c76447be6f22b5a7fc3eee10avb
737a9c128f24eac43e1cd8332b81e355ed,47014087ab1fb9d0bb91edb686a4c3d6os,508d12fd3948391f1b15c6d0f5036c42Bb,e6c76cc378e1665f290f2fd0d64ee80bOx,c6148d8945c8610c34d3b6acbd482b5dXN,cf6869f8514813a84a910589819d4ba2za
983ecd3386c52e5bc656c0293944b078uz,7a735654c2d60385bd16d1f84a524371Ol,b4dda9678a255ecabdbad5d4906c0ad0nm,225ed1c43d3ea0edf29d9635c12054d5lM,713b5b47e30ee792b39d069975450a57wb,d8d529812a303150a9b164a7f1f8d684oq
33d0f4243ae442527f2b29a7d7146fabrv,d77997be69133aa7af4aed14fb1afeecvi,0beb03133732d83f00cb5af5c211eefcTY,136e9ccc57655b5d17532153a2812f95KX,ffa4542fb90e942f30ba784edb604993gi,bfe481a14a960d4db2e8158cd491f4e4oB
dbb468cfd5f74064574d3dfcb0770887Qi,66572160f0b557c35198eca20271d856OF,dc4ff0d1cb9d43f529b19a595455936bhm,3b7d6dd0ae488f8b8d59a240850cfcb9ro,7413011c61e2ef1b880eaf0071d05dd6Bj,dfdaf2de60432691eb255b5e2dcd189aWp
d3db748368d230911b19a124c513551arF,9e6013e3dca5e99b6ea059bc4694772czo,4b3b185fb94f8b5e95e1fb8ea57136bfcT,b39fc995a69041ea91f88793205f900ehi,5d72529cb35bb4f61f8b3796729df3a0mi,713b5b47e30ee792b39d069975450a57wb
2e980b774f5243d770e8d8e7737fd489JP,3b1e832558460a975fbfef728538400eUP,51b08e609b8cd069a426306d4deec371eK,9674e6833a1aa60ee16f453257166c7fZs,e54e2226e9f71bbde9fc7cae836eae45uO,bdc3af2ad806c8e81af071207443b002hQ
1edafa02323a48bacebb4f8cbc459f89os,ac1651a50de03698903b5e7451f79526nm,eeb6501b45527289b60aee343115e273QG,dc4df1f4560ca4fd32a5dfcd8f115d21Lx,6692cae33cbeec4a2255f8d5448d98cckj,ace44eba94cb538e68bd01c3b08943b0zm
de3406631ae68a3a3a281e4790d2a788qW,63efdd3907deb5fa3028501c7451b124Yp,044f23ccde80c4e10c815baaefaea481bZ,f6badf2749e358bfacb1f137c6c05cf4uJ,6389c46660ea99da632ad81ac5a0ce95El,27614ed7fc171099fb8c98edecda7b0foC
95af3c94f8a12b531bfe9b40a8a421c6Kd,9d5de4703b7bbeeee887516369b2920bZt,109a64722fbcb2aa2b4b25c40db5e8ddwF,b0da545d3783bab813df3d0229b1ba46zl,ed8f48a9fecf2a12196bcfd8d9602f62QR,7a38ed74c59d017a548b8fbad60b7801FE
fa95b39e534643fa2664835e8da5289aGc,641f2e8f8203beae1baeaaec539be6dbml,296fe234da0fe396b3581329501bba5bbg,4956e0915a7c311ce0dfd0530d256b70bO,ff8aa1ecac0844f010e4f9d79c35edbbmK,8403d852ce63c3fe9da50fb9cc829ca5DK
b3b74febec79d7bbfe061890015d6e26cn,5a4d331947fa34fabb6948644cea4a31Hv,ed8f48a9fecf2a12196bcfd8d9602f62QR,19c51ee1515d431339e917e6e11127fezJ,b0da545d3783bab813df3d0229b1ba46zl,66572160f0b557c35198eca20271d856OF
8a4ce9d6b13c5bb79e823819f072bce2NU,cab5b67981d40ae065b5a0ad14d2212dVE,cace82016505f7cf13d50bc15f0b8e98Eg,24237f3444bfd09956b3a34587137057Pe,b5d2eca0229f720126665cc6cf820e11os,d97b0b287ae676e1ab9e671aeb5da664YK
51b08e609b8cd069a426306d4deec371eK,2e980b774f5243d770e8d8e7737fd489JP,e54e2226e9f71bbde9fc7cae836eae45uO,9674e6833a1aa60ee16f453257166c7fZs,8ffbc8bacc2946432ef11ccad2903c47vY,3b1e832558460a975fbfef728538400eUP
ace44eba94cb538e68bd01c3b08943b0zm,eeb6501b45527289b60aee343115e273QG,5bbdc32a916bd7b01271e3644bf86083OD,5ca0e762bdcf1767cacc47634e9ba75fUp,1edafa02323a48bacebb4f8cbc459f89os,c2d067b83ffd006ba0e4271938cca897Et
6a526a67163636038830c42d84835f5bVW,3d1fb3098403d862198f3b68761cbf95KZ,7964613a1c6f2d3cb9d015ffe8bafb95Wt,5afd3e1815c336d6a61326a92db7aca5HG,19c51ee1515d431339e917e6e11127fezJ,296fe234da0fe396b3581329501bba5bbg
ef197b74d4db15a2b222a4c587807553EN,7e9bdf6a06b0b00b31a5b7d1464a8652nf,23c79d0de6b0bac0fce23f001f4c8daeir,f52abd2165139150001e35ec47d1ce58HH,935462fe67e7f06e9ec805ac47732d62pG,aa5e5d943b6dc10091011f7f8e6d8bc6cw
8c9ac309113a4350fd1b7983a7f6375euo,ff8aa1ecac0844f010e4f9d79c35edbbmK,d9a072804e1d902804876a031fdb300fvB,e8b1fd6fc98a46791af1eafeb97d65f8uk,4ca111052b2c6056bae52ce3bd730b0eiT,ab74ef827f405baad7de14859e8c655fnx
aa5e5d943b6dc10091011f7f8e6d8bc6cw,666fe9c82d8d9b570d2f8a017f328072TE,f52abd2165139150001e35ec47d1ce58HH,ef197b74d4db15a2b222a4c587807553EN,939bd39b758334a9030232ca12ab2e81bs,23c79d0de6b0bac0fce23f001f4c8daeir
d551541dc7d49238cc74f1c7233fab9dkN,872158214b89efdacbc29aca69239877uh,00cce9ec293be2966080e49c707d6b80wE,28a811a51bdd226a9476cae7ec3a30fdsi,875263afa0cf88c152410b2df7897cf2lt,9674e6833a1aa60ee16f453257166c7fZs
8403d852ce63c3fe9da50fb9cc829ca5DK,7c573cd7036ceda1660d14be4a4c808cAH,b1e0e6b7bb4f6bc7a9bf6e222edbbabcAy,641f2e8f8203beae1baeaaec539be6dbml,3be3c17c76447be6f22b5a7fc3eee10avb,ba2ae5388b7dd84b76740fe1ef6fae93Ef
c35ff76c907f127442987864ccb14107wu,687863facd95f34a82fb9076ee0ba62fVX,9b2e462e65329df7de0a57ca99a1305bIi,5f19c4a94ff5d83dc8831e988e8c5f93rh,bdc3af2ad806c8e81af071207443b002hQ,5c68cb053746b4af567846c42d89d19aIL
9f728d9816f800ab4a5fe53e9333ddb2OV,b2e29481c858ce6e5b476d580265fc23yS,27cb973802e3b76b0c96511666fb6a45xz,4fcec318ba712f3550f9312231c408baRP,1f9f677672ff272b529bc4fef60e6347hA,04572923425a05141411f8937019569cKv
756cd16c85e478f0200f2525a9c4b91bhc,b633d1583bf95cfc687a8b715c7f1f7cfX,2f7eae64f93f264591f673d62ee8f2d5XG,82bf606b23d3253b865c68efba4458bcKM,50c71c3ccff7ca9824fb8c5e174058deFo,51dd34fcb1d8984ee25b9e8c8fc8065aLS
04572923425a05141411f8937019569cKv,4a9c1afcc24211e34ef677d504e43317or,737a9c128f24eac43e1cd8332b81e355ed,2ba830252c837dc1d5843cdf5e806b60Gb,47014087ab1fb9d0bb91edb686a4c3d6os,c6148d8945c8610c34d3b6acbd482b5dXN
4f752eb6f703fcd3b053c902c83cc8dbTo,7c03a22e410633e6ed7f8c9cbc1fddbeYW,f0e683b6ff1bd7b0842439b28bb42948ji,ee15c48e9691f58c51128699fa5e183abH,f56d88870f36490b131e1c21b39ead36VZ,4f23be70201e496993a2bd529c9e5714iK
a23d8fa7398c01849813b93b575be20eUh,c952573db2a15a8d051789f2bfb79aa3mQ,9dc7fd9dcd1e29cd7a859b5b61e70fc2CF,ee6e58f5e23441e1b68cc90f71c2537adC,cdc4df30fd34ddb522bf6770ea6ad492me,74f4e3ebfefd13de069bfa44d7446edeVx
005b2290249bed9e0a529f05029d536ehi,5afd3e1815c336d6a61326a92db7aca5HG,17885aae1b5cd10cdec570c0065d6839mC,fce150990059eebabfb66081c27116bblr,178758937861b72662e06a49a67c3744QZ,5c68cb053746b4af567846c42d89d19aIL
d77997be69133aa7af4aed14fb1afeecvi,136e9ccc57655b5d17532153a2812f95KX,33d0f4243ae442527f2b29a7d7146fabrv,ffa4542fb90e942f30ba784edb604993gi,db217dbaa710b829930dc7122cd46b10og,25bde77acd878e048b2458f263c9a678fX
713b5b47e30ee792b39d069975450a57wb,5d72529cb35bb4f61f8b3796729df3a0mi,d3db748368d230911b19a124c513551arF,9e6013e3dca5e99b6ea059bc4694772czo,b51eaa91d54c8b1c938955118b9e733bwn,4b3b185fb94f8b5e95e1fb8ea57136bfcT
531425c06692b5cd9fc25d3570f91b58tO,c8a5f628a62a552ef3149c11b027d345mE,b50fc274fa8e79d083f70718e954bc04oN,cafb02547c249b71faeb52fa6bb61dedxX,4fcec318ba712f3550f9312231c408baRP,0e41e0e9074471576b126b5427fc66f5ar
f6f55a3ddf9f53700525425c7ab7abc2nX,f0454498b307ac2d12748e65f717c6a0Yn,cca22b8a0809ae91a19e360acefa6a84ht,8dbad29b62f76ced5785d473ef04e967Wv,a23d8fa7398c01849813b93b575be20eUh,f0e683b6ff1bd7b0842439b28bb42948ji
fec21d6d83ecc4119ad6d7b6cdeeea75ak,2f24ed5637f91a5162c4d31886ff2be9nN,1211d6e446b5ca2758480dd11de23501Va,875263afa0cf88c152410b2df7897cf2lt,b7285c4b10e02ef12eebd120d0432aa2yV,71b07ac56ff5303feecfe743c856ecd8jr
24237f3444bfd09956b3a34587137057Pe,cab5b67981d40ae065b5a0ad14d2212dVE,02a3e1e875968d5072db32ccfb719ccfYv,d97b0b287ae676e1ab9e671aeb5da664YK,9db5c62dfb6608be54a514784451d79fGI,28656f38c4dd81fb264079c60c31b8a8Te
cf459b942bf80d0020e736ea52cc93d7ZQ,b51eaa91d54c8b1c938955118b9e733bwn,cace82016505f7cf13d50bc15f0b8e98Eg,5d72529cb35bb4f61f8b3796729df3a0mi,4a5b9788d3a6f0921cb875dc25cc9038Qi,d3db748368d230911b19a124c513551arF
c0057865926d4142d0a760ea4871d5f4Uu,e910b8d7a6764b17aed214a94e3e0e66uy,f2d94d437f4bb1669e0cfc3f41bdcfbbis,b50fc274fa8e79d083f70718e954bc04oN,0e41e0e9074471576b126b5427fc66f5ar,e8b1fd6fc98a46791af1eafeb97d65f8uk
3b1e832558460a975fbfef728538400eUP,9674e6833a1aa60ee16f453257166c7fZs,2e980b774f5243d770e8d8e7737fd489JP,54cc3f796ec73e1ccff5052b560892f0yM,ee15c48e9691f58c51128699fa5e183abH,51b08e609b8cd069a426306d4deec371eK
e8b1fd6fc98a46791af1eafeb97d65f8uk,bfe0f91921c7060a56cfd0b00cd98088Yy,a2fd3ed46d59841b1368b4cef7ac3145GA,e8fd9d334ebfa6557c7310afda53108dgV,8c9ac309113a4350fd1b7983a7f6375euo,8cb903c8b7457b12de291e6ff05cc902JG
86cede092d049c037a27dafc26975891SY,1edafa02323a48bacebb4f8cbc459f89os,13eac268bcc73529f5806311a1f65002tg,03ff9d9b717fe97b916da0fee1a2041aWb,e02285bf5335471124d1455b846d726bcd,ac1651a50de03698903b5e7451f79526nm
4084d6a04d02d04ad1d356663dd52451GM,62c341afd686626e372fcfdfc6091dd7RX,002ae8d10c5ec26fae90a0976f72eacfoE,777ffb2a20d200ac261ba86d8d632035dR,4ca111052b2c6056bae52ce3bd730b0eiT,8c9ac309113a4350fd1b7983a7f6375euo
7a38ed74c59d017a548b8fbad60b7801FE,b0da545d3783bab813df3d0229b1ba46zl,90a6d59a459719e1d355c066f1d7fd23bi,833fe69b8d9df3f2cdeb07b7ee12c896IA,8d8b1ca0006e48e9cbf3097777cdcae3vl,b8edf754a7c0a57d2f13ff34d17bbd31LE
23c79d0de6b0bac0fce23f001f4c8daeir,a4109b9c3bf9fe3c81b83bb050db02aeNm,ef197b74d4db15a2b222a4c587807553EN,9642436fe9429528f86a1e6b2475a431Ve,aa5e5d943b6dc10091011f7f8e6d8bc6cw,666fe9c82d8d9b570d2f8a017f328072TE
178758937861b72662e06a49a67c3744QZ,3a8b8be7c0b9913c2d1ec0ca31a5190fZC,61935f280a39b380a0a8308b9eff5605xf,17885aae1b5cd10cdec570c0065d6839mC,fce150990059eebabfb66081c27116bblr,c6cd63765d6df89765266645196f73e8hg
9db5c62dfb6608be54a514784451d79fGI,02a3e1e875968d5072db32ccfb719ccfYv,cab5b67981d40ae065b5a0ad14d2212dVE,24237f3444bfd09956b3a34587137057Pe,28656f38c4dd81fb264079c60c31b8a8Te,d1a6a2c733ceba4afab5abfe6eaad2edeP
d19debe49c6fb324a54b9caa79a52302EL,dfdaf2de60432691eb255b5e2dcd189aWp,1457f9ec0e36c66a7f2c6937288a30e8CD,dbb468cfd5f74064574d3dfcb0770887Qi,91379a078218e7a02f89fd9677cce46cnM,b3b74febec79d7bbfe061890015d6e26cn
c2ab4292c0cff8ee6a98177d6b84b551ps,4956e0915a7c311ce0dfd0530d256b70bO,502f341f8104cb01184e37bef609063biM,e7592ba6835d043cb60cafaa068c38b6Ak,03ff9d9b717fe97b916da0fee1a2041aWb,e02285bf5335471124d1455b846d726bcd
ee15c48e9691f58c51128699fa5e183abH,f0e683b6ff1bd7b0842439b28bb42948ji,54cc3f796ec73e1ccff5052b560892f0yM,4f752eb6f703fcd3b053c902c83cc8dbTo,7c03a22e410633e6ed7f8c9cbc1fddbeYW,f56d88870f36490b131e1c21b39ead36VZ
666fe9c82d8d9b570d2f8a017f328072TE,aa5e5d943b6dc10091011f7f8e6d8bc6cw,f52abd2165139150001e35ec47d1ce58HH,23c79d0de6b0bac0fce23f001f4c8daeir,ef197b74d4db15a2b222a4c587807553EN,28a811a51bdd226a9476cae7ec3a30fdsi
1211d6e446b5ca2758480dd11de23501Va,2f24ed5637f91a5162c4d31886ff2be9nN,fec21d6d83ecc4119ad6d7b6cdeeea75ak,00cce9ec293be2966080e49c707d6b80wE,71b07ac56ff5303feecfe743c856ecd8jr,4141c49d6728b7ed12334f8091433e67Hf
e28de28416e52f4890b4479cbdd4239aVC,4f23be70201e496993a2bd529c9e5714iK,4f752eb6f703fcd3b053c902c83cc8dbTo,3ffc364101c1f5bc60960bfc1715cb3bWT,7c03a22e410633e6ed7f8c9cbc1fddbeYW,f0e683b6ff1bd7b0842439b28bb42948ji
296fe234da0fe396b3581329501bba5bbg,7964613a1c6f2d3cb9d015ffe8bafb95Wt,9a6777ec82cd970895167e715f0d846ayp,cfb532a78c0f19930699417a26ffa1actL,34df2768d51365ed1fde0b25a1b1749bNg,fa95b39e534643fa2664835e8da5289aGc
b633d1583bf95cfc687a8b715c7f1f7cfX,756cd16c85e478f0200f2525a9c4b91bhc,82bf606b23d3253b865c68efba4458bcKM,2f7eae64f93f264591f673d62ee8f2d5XG,50c71c3ccff7ca9824fb8c5e174058deFo,4a5b9788d3a6f0921cb875dc25cc9038Qi
5a4d331947fa34fabb6948644cea4a31Hv,be1bd80cdfccf32008dff1e458ebbb32De,b3b74febec79d7bbfe061890015d6e26cn,e910b8d7a6764b17aed214a94e3e0e66uy,f2d94d437f4bb1669e0cfc3f41bdcfbbis,178758937861b72662e06a49a67c3744QZ
e4fbf7eb36230d013e4381fe230e1832tm,6c96fec9e7cacc2b49823c58507282b1ou,2c1c874469295bb84d33f7f88e38b324dy,b59bbe518e7ecdcdbf5a0f2b5a9c9010bp,780db4e252fc73f39008848581b82ec7WT,f6f55a3ddf9f53700525425c7ab7abc2nX
e54e2226e9f71bbde9fc7cae836eae45uO,51b08e609b8cd069a426306d4deec371eK,54cc3f796ec73e1ccff5052b560892f0yM,42ffe6c9f6c0260b93237ac0762694f6Zd,3b1e832558460a975fbfef728538400eUP,c02d97ac1db456c535435d45ddf2e789Us
b2e29481c858ce6e5b476d580265fc23yS,9f728d9816f800ab4a5fe53e9333ddb2OV,b8edf754a7c0a57d2f13ff34d17bbd31LE,2ba830252c837dc1d5843cdf5e806b60Gb,833fe69b8d9df3f2cdeb07b7ee12c896IA,04572923425a05141411f8937019569cKv
54160315235e63600cf64e2f10c8f813ej,66b30cf2a764150f3df1e271820283babe,872918bc1820becac38a63d66715f428Nm,d9a072804e1d902804876a031fdb300fvB,6add08921129256cd7d0ed1077e7adbeJe,ad9066e28ff82a0711c2feb8f7bef627Yc
